날짜,지점,평균기온(℃),최저기온(℃),최고기온(℃)
2013-01-01,전국,-3.2,-9.1,2.6
2013-01-02,전국,-6,-11.2,0
2013-01-03,전국,-9.9,-13.9,-5.1
2013-01-04,전국,-9,-14.7,-1.9
2013-01-05,전국,-5.9,-13.1,1
2013-01-06,전국,-4.1,-8.5,2.1
2013-01-07,전국,-4,-9.7,2.5
2013-01-08,전국,-3.2,-8.7,3.2
2013-01-09,전국,-5.6,-9.6,-1.5
2013-01-10,전국,-6.9,-12,-0.8
2013-01-11,전국,-4.3,-11.8,2.9
2013-01-12,전국,0.3,-5.6,7
2013-01-13,전국,-0.7,-4.7,3.9
2013-01-14,전국,-0.7,-6.1,5.7
2013-01-15,전국,-1.9,-7.2,4.9
2013-01-16,전국,-0.7,-5.7,3.9
2013-01-17,전국,-2.8,-6.2,0.3
2013-01-18,전국,-3.3,-9.1,3.2
2013-01-19,전국,-0.1,-5.3,5.9
2013-01-20,전국,1.4,-4.7,7
2013-01-21,전국,3.8,2.2,5.3
2013-01-22,전국,3.6,2.3,5.7
2013-01-23,전국,2.5,0.9,4.1
2013-01-24,전국,0.9,-3.2,4.6
2013-01-25,전국,-4.6,-6.7,-1.5
2013-01-26,전국,-5.5,-8.9,-1.2
2013-01-27,전국,-5,-8.8,-0.8
2013-01-28,전국,-1.8,-8.7,4.4
2013-01-29,전국,2.2,-3.1,8
2013-01-30,전국,4.1,-0.9,11
2013-01-31,전국,6.4,0.3,12.7
2013-02-01,전국,8.6,4.8,12.2
2013-02-02,전국,3,-2,8.1
2013-02-03,전국,-0.2,-4.7,2.8
2013-02-04,전국,2,-1.6,6.3
2013-02-05,전국,0.6,-3,3.5
2013-02-06,전국,1.1,-1.2,3.7
2013-02-07,전국,-6.2,-10.9,0
2013-02-08,전국,-8.2,-13.2,-2.5
2013-02-09,전국,-5.1,-10.6,0.6
2013-02-10,전국,-1.7,-7.1,3.8
2013-02-11,전국,-2.8,-8,2.7
2013-02-12,전국,-1.7,-4.4,1.7
2013-02-13,전국,-0.9,-6.8,5.1
2013-02-14,전국,2.1,-3.3,7.9
2013-02-15,전국,1.4,-3.4,6.1
2013-02-16,전국,-1.6,-7.2,4.6
2013-02-17,전국,2,-3.2,6.3
2013-02-18,전국,2.9,0.2,6.3
2013-02-19,전국,-0.1,-3.4,4
2013-02-20,전국,-1.9,-6.8,3.6
2013-02-21,전국,-0.2,-5.2,5.3
2013-02-22,전국,1.6,-3.5,7.1
2013-02-23,전국,0.1,-5.1,5.2
2013-02-24,전국,1.8,-4.1,7.7
2013-02-25,전국,3.1,-3.3,10.3
2013-02-26,전국,4.9,0,9.4
2013-02-27,전국,6.1,0.8,13.1
2013-02-28,전국,8,-1.1,16.4
2013-03-01,전국,4.2,-1.2,11.2
2013-03-02,전국,0.4,-3.7,5.6
2013-03-03,전국,1.3,-4.1,7.4
2013-03-04,전국,3.4,-2.7,10.4
2013-03-05,전국,4.7,-2.6,12.9
2013-03-06,전국,7.9,-1,16.9
2013-03-07,전국,9.4,3.5,14.6
2013-03-08,전국,9.8,2.5,18.3
2013-03-09,전국,13.5,2.3,23.7
2013-03-10,전국,5.8,0.4,13.9
2013-03-11,전국,4.5,-3.2,13.1
2013-03-12,전국,9.1,-0.3,16.5
2013-03-13,전국,6.5,2.1,12.4
2013-03-14,전국,4.3,0.3,9.7
2013-03-15,전국,5.9,-1,13.4
2013-03-16,전국,7.6,1.2,15.8
2013-03-17,전국,8.9,0.3,17.6
2013-03-18,전국,10.3,7,15.5
2013-03-19,전국,10.7,5,15.8
2013-03-20,전국,5.5,-1.1,11.9
2013-03-21,전국,2.5,-4.1,9.8
2013-03-22,전국,5.3,-0.5,11.3
2013-03-23,전국,6.7,0.5,13.8
2013-03-24,전국,6.5,1.3,12.4
2013-03-25,전국,3.8,-0.1,8.7
2013-03-26,전국,5.1,-2.3,12.5
2013-03-27,전국,9,1.3,17.2
2013-03-28,전국,9.9,2.7,17.3
2013-03-29,전국,7.2,1.9,13.2
2013-03-30,전국,6.6,0.8,12.9
2013-03-31,전국,7.3,2.4,13.7
2013-04-01,전국,9.2,1.1,16.8
2013-04-02,전국,7.4,4.3,12.1
2013-04-03,전국,10,3,17.7
2013-04-04,전국,11.9,4.7,20.3
2013-04-05,전국,13.1,5.1,19.9
2013-04-06,전국,8.5,3.7,13
2013-04-07,전국,5.2,1.8,9.6
2013-04-08,전국,8.6,0.4,16.3
2013-04-09,전국,8.2,4.2,13.1
2013-04-10,전국,5.5,1.2,10
2013-04-11,전국,7,1.8,12.1
2013-04-12,전국,6.9,0.8,12.9
2013-04-13,전국,11.8,1.1,19.8
2013-04-14,전국,11.4,4.3,17.5
2013-04-15,전국,7.9,0.9,14
2013-04-16,전국,15.6,5.8,24.5
2013-04-17,전국,12.1,9.2,17.3
2013-04-18,전국,11.8,7.3,18
2013-04-19,전국,9.4,3.7,15.3
2013-04-20,전국,5.8,3.5,8.5
2013-04-21,전국,8.8,3.1,15.2
2013-04-22,전국,11.3,2.3,18.9
2013-04-23,전국,10.9,8.6,14
2013-04-24,전국,13.6,8.9,19.4
2013-04-25,전국,10.8,6.6,16.4
2013-04-26,전국,11.4,6.4,17.3
2013-04-27,전국,11.6,4.9,19.1
2013-04-28,전국,15.2,7.1,22.1
2013-04-29,전국,14.6,9.4,19.1
2013-04-30,전국,13.2,6.2,21
2013-05-01,전국,11.6,6.8,17
2013-05-02,전국,11.8,6.7,17.9
2013-05-03,전국,12.5,6.3,19.2
2013-05-04,전국,14,8.7,20.5
2013-05-05,전국,15.6,7.6,23.6
2013-05-06,전국,16.8,8.9,25.1
2013-05-07,전국,16.1,9.7,23.1
2013-05-08,전국,17.5,8.8,26.4
2013-05-09,전국,18,11.5,24.4
2013-05-10,전국,15.6,12.8,19.5
2013-05-11,전국,18.1,11.9,25.5
2013-05-12,전국,20.2,13,26.7
2013-05-13,전국,20.2,13.4,28.1
2013-05-14,전국,18.9,11.8,26
2013-05-15,전국,18.9,13.8,25.3
2013-05-16,전국,17.8,12.7,23.5
2013-05-17,전국,16.9,10.9,23.6
2013-05-18,전국,17.7,11,24
2013-05-19,전국,16.5,14.1,19.9
2013-05-20,전국,16.9,12.4,21.9
2013-05-21,전국,17.9,9.7,26.1
2013-05-22,전국,19.9,12.1,27.6
2013-05-23,전국,20.7,14.1,28.5
2013-05-24,전국,21.7,14.2,30.1
2013-05-25,전국,21.5,15.7,28.6
2013-05-26,전국,21.8,16.9,27
2013-05-27,전국,19.5,17.6,22.2
2013-05-28,전국,19.5,17.3,22.1
2013-05-29,전국,18.5,15.9,21.3
2013-05-30,전국,19.8,14.5,26.5
2013-05-31,전국,19.6,13.2,26.3
2013-06-01,전국,19.6,15.4,25.3
2013-06-02,전국,19.9,13.6,26.9
2013-06-03,전국,20.1,14.2,26.6
2013-06-04,전국,21.8,15.4,28.6
2013-06-05,전국,22.3,16.4,28.9
2013-06-06,전국,22.2,17.4,28.5
2013-06-07,전국,22.2,17.8,28.1
2013-06-08,전국,22.1,17.6,27.1
2013-06-09,전국,22.5,17.7,27.8
2013-06-10,전국,22.6,17.2,27.9
2013-06-11,전국,21,18.5,24.7
2013-06-12,전국,20.7,18.9,23.5
2013-06-13,전국,22.3,19.3,26.5
2013-06-14,전국,22.2,19.9,25.4
2013-06-15,전국,24,20,29.2
2013-06-16,전국,24.2,19.2,30.1
2013-06-17,전국,24,20,28.6
2013-06-18,전국,22.6,21.5,24.5
2013-06-19,전국,23.4,20.3,28.2
2013-06-20,전국,24.4,20.1,30
2013-06-21,전국,23.8,20.8,28.1
2013-06-22,전국,23.2,20,27.9
2013-06-23,전국,21.6,19.5,24.8
2013-06-24,전국,22.9,18.4,28.3
2013-06-25,전국,22.6,19.4,27.2
2013-06-26,전국,23.3,19.6,28.9
2013-06-27,전국,23.3,19.5,28.3
2013-06-28,전국,23.6,20.1,29
2013-06-29,전국,24.5,19.5,30.3
2013-06-30,전국,25.1,20,30.6
2013-07-01,전국,25.4,21.1,30.6
2013-07-02,전국,25.7,22.3,29.4
2013-07-03,전국,25.7,22.4,29.6
2013-07-04,전국,25.2,22.8,27.9
2013-07-05,전국,23.8,21.9,26.3
2013-07-06,전국,25,21.8,29.9
2013-07-07,전국,24.4,22.2,27.3
2013-07-08,전국,26.1,23.5,29
2013-07-09,전국,27,24.4,30.7
2013-07-10,전국,26.9,23.9,30.8
2013-07-11,전국,26.8,23.6,30.7
2013-07-12,전국,26,23.3,29.1
2013-07-13,전국,26.2,23.5,30.3
2013-07-14,전국,25.9,23.3,29.6
2013-07-15,전국,26,23.4,29.7
2013-07-16,전국,27.3,23.2,31.5
2013-07-17,전국,26.4,23.8,29.8
2013-07-18,전국,26.4,23.2,30.8
2013-07-19,전국,26.6,22.4,31.8
2013-07-20,전국,27.4,23.4,32.2
2013-07-21,전국,27.2,24.2,31
2013-07-22,전국,27.3,24.5,31.6
2013-07-23,전국,26.3,24.5,28.4
2013-07-24,전국,26.7,23.8,30.1
2013-07-25,전국,26.7,22.6,31.7
2013-07-26,전국,27,22.6,32.4
2013-07-27,전국,26.5,22.2,31.8
2013-07-28,전국,26,23.6,28.9
2013-07-29,전국,27.4,24.2,31.6
2013-07-30,전국,26.3,23.2,31.3
2013-07-31,전국,27,24.1,31
2013-08-01,전국,27.2,23.8,32.2
2013-08-02,전국,27,24.6,30.6
2013-08-03,전국,27.2,24.5,31.9
2013-08-04,전국,27.4,24.6,32.1
2013-08-05,전국,27.6,24.1,32.2
2013-08-06,전국,27.6,23.7,32.9
2013-08-07,전국,28.9,24.3,34.3
2013-08-08,전국,29.7,25.9,34.6
2013-08-09,전국,29.9,25.9,34.6
2013-08-10,전국,28.4,24.6,33.8
2013-08-11,전국,28.8,24.3,34.7
2013-08-12,전국,28.9,24.6,34.5
2013-08-13,전국,28.4,24.2,33.9
2013-08-14,전국,28.2,23.8,33.7
2013-08-15,전국,28.4,23.6,33.8
2013-08-16,전국,28.4,24.1,34
2013-08-17,전국,28.4,24.3,33.5
2013-08-18,전국,28.7,24.4,34.1
2013-08-19,전국,28.4,23.9,34.1
2013-08-20,전국,27.6,23.1,33.5
2013-08-21,전국,27.5,23.6,32.4
2013-08-22,전국,27.8,24.5,33
2013-08-23,전국,25.4,23.6,28
2013-08-24,전국,24.7,21.9,28.2
2013-08-25,전국,24.9,20.7,30.6
2013-08-26,전국,24.9,20.6,30.9
2013-08-27,전국,25.1,20,31
2013-08-28,전국,25.4,21.1,30.7
2013-08-29,전국,25.5,21.7,29.7
2013-08-30,전국,25.1,22.1,29.6
2013-08-31,전국,23.3,19.7,28.1
2013-09-01,전국,22.9,18.8,28.3
2013-09-02,전국,22.1,17.4,27.9
2013-09-03,전국,20.2,16.5,24.4
2013-09-04,전국,20.6,14.7,27.1
2013-09-05,전국,20.1,15.4,24.4
2013-09-06,전국,19.2,17.5,21.8
2013-09-07,전국,20.5,17,25.5
2013-09-08,전국,21.4,16.7,27.9
2013-09-09,전국,21.7,16.7,27.7
2013-09-10,전국,22.5,18.3,27.4
2013-09-11,전국,22.3,19.9,25.5
2013-09-12,전국,22.5,20.4,25.6
2013-09-13,전국,24.2,20.7,28.7
2013-09-14,전국,22.4,20.1,25.6
2013-09-15,전국,22.7,18.1,28.9
2013-09-16,전국,20.4,15.2,27.1
2013-09-17,전국,21,14.4,28.9
2013-09-18,전국,22.5,16.3,30.1
2013-09-19,전국,22.4,17.3,28.6
2013-09-20,전국,22.4,17.3,29.2
2013-09-21,전국,22.9,18,29.5
2013-09-22,전국,22.2,18.5,27.4
2013-09-23,전국,22.1,17.2,28
2013-09-24,전국,21.8,17.8,26.3
2013-09-25,전국,19.6,16.2,24.2
2013-09-26,전국,17.1,12,23.4
2013-09-27,전국,17.2,10.3,24.6
2013-09-28,전국,18.2,15,22
2013-09-29,전국,18.8,17.1,20.6
2013-09-30,전국,20.9,18,25.9
2013-10-01,전국,20.8,16.7,26.5
2013-10-02,전국,19.4,14.7,24.4
2013-10-03,전국,16.1,10.7,22.8
2013-10-04,전국,16.2,9.2,24.6
2013-10-05,전국,18.5,11.2,25.6
2013-10-06,전국,20.9,16.9,24.7
2013-10-07,전국,22.5,19.5,26.9
2013-10-08,전국,20.3,18.5,22
2013-10-09,전국,20,16.8,24.7
2013-10-10,전국,19.9,16.5,23.9
2013-10-11,전국,18.8,13.1,23.6
2013-10-12,전국,15.5,9.9,22.3
2013-10-13,전국,15.8,9.3,23.8
2013-10-14,전국,17.3,11,25.2
2013-10-15,전국,14.4,10.5,19.6
2013-10-16,전국,11.1,6.3,17
2013-10-17,전국,11.1,5.3,18.3
2013-10-18,전국,13,6.8,20.6
2013-10-19,전국,14.3,8.6,20.5
2013-10-20,전국,15.9,11,22.7
2013-10-21,전국,14.9,10.1,21.2
2013-10-22,전국,15.1,9.7,21
2013-10-23,전국,15.4,10.6,21.8
2013-10-24,전국,14.1,9.2,20.5
2013-10-25,전국,10.9,6.4,17
2013-10-26,전국,10,4.7,16.7
2013-10-27,전국,10.1,3.9,18.3
2013-10-28,전국,10.5,4.3,18.4
2013-10-29,전국,12.2,5.4,19.6
2013-10-30,전국,11.9,7.2,17.9
2013-10-31,전국,12,6.6,19.8
2013-11-01,전국,14,7.9,21.2
2013-11-02,전국,14.1,10.2,18.4
2013-11-03,전국,13.4,9.4,18.6
2013-11-04,전국,12,7.6,17.9
2013-11-05,전국,11.1,5.3,19.3
2013-11-06,전국,12.3,7.5,17.3
2013-11-07,전국,12.8,6.7,18.4
2013-11-08,전국,9.3,3.6,16
2013-11-09,전국,11.9,7.1,16.6
2013-11-10,전국,9.3,4.2,15
2013-11-11,전국,4.9,1.2,9.4
2013-11-12,전국,4.6,-0.3,10.6
2013-11-13,전국,4.7,-1.2,12.3
2013-11-14,전국,6.5,0.6,11.5
2013-11-15,전국,8.3,3.8,14.8
2013-11-16,전국,7.2,1.4,14.7
2013-11-17,전국,7.1,3,11.2
2013-11-18,전국,3.2,0.7,6.5
2013-11-19,전국,3.5,0.4,6.8
2013-11-20,전국,3.4,-0.3,7.9
2013-11-21,전국,3.8,-1.2,9.6
2013-11-22,전국,5,-0.3,11.3
2013-11-23,전국,6.1,0.6,13.1
2013-11-24,전국,8.4,2.3,13.8
2013-11-25,전국,7.5,3.3,12.7
2013-11-26,전국,3.5,-0.8,8
2013-11-27,전국,1.8,-2,6.4
2013-11-28,전국,-1.3,-4.5,2.2
2013-11-29,전국,1.1,-3.3,5.9
2013-11-30,전국,3.9,-1.8,10.8
2013-12-01,전국,4.5,-0.2,10.8
2013-12-02,전국,4,-1.1,9.5
2013-12-03,전국,5,0.4,11
2013-12-04,전국,4.6,-0.2,11.6
2013-12-05,전국,5.4,-0.1,10.5
2013-12-06,전국,4.2,-0.2,9.3
2013-12-07,전국,3.9,-1.3,10.5
2013-12-08,전국,4.5,-1,11.6
2013-12-09,전국,5.8,2.5,9.5
2013-12-10,전국,3,0.4,6
2013-12-11,전국,0.9,-1.7,4
2013-12-12,전국,1,-4.8,5.7
2013-12-13,전국,-2.4,-5.8,2
2013-12-14,전국,-0.5,-6.2,4.4
2013-12-15,전국,-1.2,-5.2,3.8
2013-12-16,전국,-1.3,-6.1,3.2
2013-12-17,전국,2,-2.5,6.3
2013-12-18,전국,4.2,0.9,8.5
2013-12-19,전국,-0.2,-3.3,2.9
2013-12-20,전국,-0.9,-4.2,2.4
2013-12-21,전국,-0.4,-4.3,4.7
2013-12-22,전국,-0.8,-5.7,4.9
2013-12-23,전국,0.3,-3.6,5.4
2013-12-24,전국,-0.4,-5.5,6.8
2013-12-25,전국,0.8,-5.4,7.2
2013-12-26,전국,1.6,-1.5,5.3
2013-12-27,전국,-2.4,-5.3,0.8
2013-12-28,전국,-3.9,-8,0.8
2013-12-29,전국,-1.7,-7.3,3.2
2013-12-30,전국,2.8,-2.4,7.6
2013-12-31,전국,4.1,-1.8,9.1
2014-01-01,전국,4.8,-0.3,9.2
2014-01-02,전국,2.6,-2.2,9.1
2014-01-03,전국,2.6,-3.2,10.1
2014-01-04,전국,1.5,-2.8,6.9
2014-01-05,전국,0.7,-3.7,6.6
2014-01-06,전국,0.2,-5.1,7.6
2014-01-07,전국,1.9,-4.3,7.8
2014-01-08,전국,2.1,-1.4,5.3
2014-01-09,전국,-4.4,-8.1,-0.6
2014-01-10,전국,-3.7,-9.6,2
2014-01-11,전국,-0.8,-5.5,4.4
2014-01-12,전국,-0.4,-5.1,5.3
2014-01-13,전국,-3.9,-8.4,1.5
2014-01-14,전국,-3.4,-9.3,3.4
2014-01-15,전국,-2.3,-8.1,4.3
2014-01-16,전국,-0.9,-6.6,5.2
2014-01-17,전국,-0.1,-5,5.9
2014-01-18,전국,-0.6,-4.6,3.9
2014-01-19,전국,-1.7,-8.3,4.6
2014-01-20,전국,1,-2.2,5.5
2014-01-21,전국,-2.9,-5.5,-0.1
2014-01-22,전국,-2.7,-8,3.4
2014-01-23,전국,-1,-7.5,7.1
2014-01-24,전국,4,-3.5,10.7
2014-01-25,전국,6.2,1.4,10.6
2014-01-26,전국,0.4,-4.1,5.6
2014-01-27,전국,0.7,-7,8.9
2014-01-28,전국,3,-3.1,9.3
2014-01-29,전국,3,-6.4,11.5
2014-01-30,전국,6.1,1.7,10.2
2014-01-31,전국,3.1,-3.1,10.8
2014-02-01,전국,7.5,1,13.4
2014-02-02,전국,8.9,5.1,14.2
2014-02-03,전국,1.8,-4.5,7.3
2014-02-04,전국,-4.9,-8.1,-0.7
2014-02-05,전국,-3.8,-8.1,1.4
2014-02-06,전국,-0.5,-4.8,4.5
2014-02-07,전국,2.6,-1.8,6.7
2014-02-08,전국,2.2,0.4,4.6
2014-02-09,전국,0.4,-1.3,3.3
2014-02-10,전국,0.1,-2.6,3.4
2014-02-11,전국,0.1,-4.2,5.3
2014-02-12,전국,0.9,-3.3,6.5
2014-02-13,전국,1.6,-2.7,6
2014-02-14,전국,1.9,-1.6,6
2014-02-15,전국,1.7,-4.1,8.9
2014-02-16,전국,2.7,-3.9,10.1
2014-02-17,전국,4.1,0.7,8.3
2014-02-18,전국,2.4,-0.7,5.6
2014-02-19,전국,1.6,-2.8,6.7
2014-02-20,전국,1.5,-3.8,7.5
2014-02-21,전국,1.1,-4.4,7.9
2014-02-22,전국,1.8,-4.5,9.2
2014-02-23,전국,2.9,-3.3,10.4
2014-02-24,전국,4.2,-2.5,12
2014-02-25,전국,5.6,-1.3,13.6
2014-02-26,전국,6.2,1.2,11.5
2014-02-27,전국,8.6,3.4,15.5
2014-02-28,전국,7.1,3.1,11.8
2014-03-01,전국,6.6,4,9.8
2014-03-02,전국,5,0.4,10.5
2014-03-03,전국,4.3,-2.4,11.6
2014-03-04,전국,5.1,-1.1,11.4
2014-03-05,전국,3.1,-0.7,8
2014-03-06,전국,1.4,-4.1,6.5
2014-03-07,전국,1.3,-3.8,6.3
2014-03-08,전국,2.4,-3.2,8.2
2014-03-09,전국,2.5,-1.5,7.2
2014-03-10,전국,2,-4.4,8.8
2014-03-11,전국,5,-3.6,13.6
2014-03-12,전국,5.8,0.5,9.3
2014-03-13,전국,4.2,1.4,7.6
2014-03-14,전국,3.3,-0.9,8.4
2014-03-15,전국,6.9,-1.4,14.1
2014-03-16,전국,10.6,4.2,18
2014-03-17,전국,12.4,3.8,20.1
2014-03-18,전국,12.6,7.4,18.3
2014-03-19,전국,9,5.8,12.6
2014-03-20,전국,6.4,3,10.7
2014-03-21,전국,5,0.5,10.4
2014-03-22,전국,7.6,-1,15.6
2014-03-23,전국,10.2,2.4,18.3
2014-03-24,전국,11.2,2.2,18.1
2014-03-25,전국,14.2,11.2,18.1
2014-03-26,전국,13.8,9.5,19
2014-03-27,전국,12.7,6.4,20.6
2014-03-28,전국,15.7,7.6,24.1
2014-03-29,전국,14.2,11.7,17.2
2014-03-30,전국,12.7,8.2,18
2014-03-31,전국,12,5.5,19.8
2014-04-01,전국,13.2,5.3,21.8
2014-04-02,전국,14.3,6.3,22.6
2014-04-03,전국,10.7,5,18.1
2014-04-04,전국,7,2.8,11.9
2014-04-05,전국,6.2,1.2,12.3
2014-04-06,전국,8,2.5,13.9
2014-04-07,전국,11.6,3.9,19.2
2014-04-08,전국,12.2,3.9,20.7
2014-04-09,전국,12.9,4.9,20.9
2014-04-10,전국,12.8,7,20.7
2014-04-11,전국,12.3,7.8,17.8
2014-04-12,전국,13.4,9.4,18.1
2014-04-13,전국,13.5,8.5,19.3
2014-04-14,전국,13.7,5,22.5
2014-04-15,전국,16,7.5,23.6
2014-04-16,전국,16.3,11,23
2014-04-17,전국,13.4,7.7,20.5
2014-04-18,전국,13.5,10.2,18.4
2014-04-19,전국,12.5,9.1,16.3
2014-04-20,전국,13.6,8.5,19.9
2014-04-21,전국,15,8.3,21.9
2014-04-22,전국,14.9,8.6,22
2014-04-23,전국,15.4,6.7,24.2
2014-04-24,전국,16.6,8.5,25.2
2014-04-25,전국,17.1,8.4,25.8
2014-04-26,전국,17.1,9.8,23.7
2014-04-27,전국,15.6,13.3,18.8
2014-04-28,전국,13.6,12.4,15.4
2014-04-29,전국,14.2,12.1,17
2014-04-30,전국,14.5,11.1,19.3
2014-05-01,전국,16.3,10,23
2014-05-02,전국,17.4,10.1,25.8
2014-05-03,전국,14.4,9,20.9
2014-05-04,전국,13.3,7.6,20.5
2014-05-05,전국,11.6,6.3,17.2
2014-05-06,전국,12.7,5.6,19.8
2014-05-07,전국,15.3,6.2,22.7
2014-05-08,전국,15.4,10.6,20.6
2014-05-09,전국,15.5,8.3,23.4
2014-05-10,전국,17.2,9.2,24.7
2014-05-11,전국,17.3,11.1,23.2
2014-05-12,전국,17.9,14.2,22.4
2014-05-13,전국,20.1,12,27.4
2014-05-14,전국,18.5,14.4,23.6
2014-05-15,전국,18.6,14,24.5
2014-05-16,전국,19,11.7,26.1
2014-05-17,전국,18.7,12.1,25.9
2014-05-18,전국,18.6,11.6,25.8
2014-05-19,전국,19.4,11.8,26.8
2014-05-20,전국,18.4,14.8,23
2014-05-21,전국,18.4,13.2,24.7
2014-05-22,전국,19.5,12.7,27
2014-05-23,전국,19.2,15.4,24.1
2014-05-24,전국,21.8,15.4,28.6
2014-05-25,전국,20.5,17.6,25
2014-05-26,전국,20.5,15.3,26
2014-05-27,전국,22,13.5,29.5
2014-05-28,전국,21.6,16,28.4
2014-05-29,전국,22.8,15.5,31.1
2014-05-30,전국,23.6,15.2,32.1
2014-05-31,전국,24.3,16.3,32.4
2014-06-01,전국,23.9,18.3,29.9
2014-06-02,전국,20.9,18,24.2
2014-06-03,전국,19.1,17.2,21.3
2014-06-04,전국,21.1,18.3,25.3
2014-06-05,전국,20.7,18.2,23.8
2014-06-06,전국,21.4,16.5,27.4
2014-06-07,전국,21,15.8,26.6
2014-06-08,전국,20.6,17.9,25
2014-06-09,전국,20.9,17.9,25.4
2014-06-10,전국,21,18,25.4
2014-06-11,전국,20.4,17.6,25.2
2014-06-12,전국,19.4,16,24.3
2014-06-13,전국,20.3,16.3,25.4
2014-06-14,전국,22.1,16.7,28.2
2014-06-15,전국,22.6,17,28.7
2014-06-16,전국,23.3,17.4,29.6
2014-06-17,전국,22,19.2,26.1
2014-06-18,전국,22.5,17.9,28.3
2014-06-19,전국,22.6,18,27.9
2014-06-20,전국,22.2,18.3,26.7
2014-06-21,전국,21.3,19.2,24.3
2014-06-22,전국,21.9,18.4,26.5
2014-06-23,전국,21.1,18.3,26
2014-06-24,전국,21.8,18,27
2014-06-25,전국,22.8,18,28.4
2014-06-26,전국,23.7,19,29.3
2014-06-27,전국,24,18.8,29.9
2014-06-28,전국,24,19.9,29.3
2014-06-29,전국,23.4,18.9,28.4
2014-06-30,전국,23.7,19.4,29.5
2014-07-01,전국,24.6,19.5,31.1
2014-07-02,전국,23.1,20.1,27.5
2014-07-03,전국,21.3,19.5,23.5
2014-07-04,전국,23.6,20.2,28.7
2014-07-05,전국,23.1,19.5,27.3
2014-07-06,전국,21.5,19.5,24.1
2014-07-07,전국,23.3,19,28
2014-07-08,전국,25,21.5,29.1
2014-07-09,전국,26.1,23.4,30.4
2014-07-10,전국,26.9,23.2,32
2014-07-11,전국,26.5,21.5,32.4
2014-07-12,전국,24.7,20.8,29.2
2014-07-13,전국,24,20.9,28.4
2014-07-14,전국,25.6,21.3,31.1
2014-07-15,전국,24.4,21.3,28.5
2014-07-16,전국,25.2,21.5,29.9
2014-07-17,전국,24.3,21.7,27.6
2014-07-18,전국,24.6,21.8,29
2014-07-19,전국,25.9,22.5,31
2014-07-20,전국,26.6,22.7,31.9
2014-07-21,전국,26.7,22.4,31.7
2014-07-22,전국,26.6,23.3,30.6
2014-07-23,전국,26.1,23.2,29.7
2014-07-24,전국,26.5,23.1,31.2
2014-07-25,전국,27.9,24.2,32.6
2014-07-26,전국,25.6,21.6,29.5
2014-07-27,전국,23.8,19.1,29.8
2014-07-28,전국,23.5,18.8,28.7
2014-07-29,전국,24.5,20.6,29.4
2014-07-30,전국,27.4,22.3,33
2014-07-31,전국,27.7,23.8,34.2
2014-08-01,전국,27.7,23.4,32.5
2014-08-02,전국,27,24,30.6
2014-08-03,전국,25.2,23.7,27.2
2014-08-04,전국,24.9,23.7,27
2014-08-05,전국,26.9,23.8,31.5
2014-08-06,전국,26,22.9,29.9
2014-08-07,전국,23,21.2,26
2014-08-08,전국,23.6,20.4,27.4
2014-08-09,전국,24.5,20.8,28.4
2014-08-10,전국,23.4,20.6,28
2014-08-11,전국,23.5,19.3,28.7
2014-08-12,전국,24.7,19.9,30.4
2014-08-13,전국,23.1,20.7,26.7
2014-08-14,전국,21,19.5,22.8
2014-08-15,전국,23.4,20.3,27.8
2014-08-16,전국,24.3,20.7,29.4
2014-08-17,전국,22.7,20.4,25.9
2014-08-18,전국,21.6,19.8,23.9
2014-08-19,전국,22.9,21.1,26.1
2014-08-20,전국,23.4,21.5,26.3
2014-08-21,전국,23.8,21.5,27.4
2014-08-22,전국,24.4,20.4,29.5
2014-08-23,전국,24.5,20.6,29.8
2014-08-24,전국,24.2,21.1,28.4
2014-08-25,전국,23.4,21.9,25.8
2014-08-26,전국,24.2,21.3,28.6
2014-08-27,전국,22.6,19.8,26.1
2014-08-28,전국,22.1,18.8,26.6
2014-08-29,전국,22.1,18.4,27.2
2014-08-30,전국,21.9,17.3,27.5
2014-08-31,전국,21,16.8,26.2
2014-09-01,전국,22.2,16.8,28.3
2014-09-02,전국,21.4,18.1,25.4
2014-09-03,전국,21.5,19,24.4
2014-09-04,전국,22.8,18.6,28.1
2014-09-05,전국,23,17.7,29.7
2014-09-06,전국,22.6,18.7,28.8
2014-09-07,전국,22.9,17.7,29.4
2014-09-08,전국,23.2,18.8,29.4
2014-09-09,전국,22.2,17.5,28.2
2014-09-10,전국,21.1,16,27.6
2014-09-11,전국,21.5,15.8,28.2
2014-09-12,전국,20.9,17.5,25
2014-09-13,전국,21.5,16.8,27.3
2014-09-14,전국,20.8,15.4,26.9
2014-09-15,전국,21.7,17.7,27.6
2014-09-16,전국,21.3,16.4,27.1
2014-09-17,전국,20,17.1,24.3
2014-09-18,전국,19.5,15.3,24.9
2014-09-19,전국,18.6,13.5,25.1
2014-09-20,전국,19.1,12.7,26.6
2014-09-21,전국,19.2,13.6,26.1
2014-09-22,전국,20,13.4,27.4
2014-09-23,전국,20.6,15.1,26.5
2014-09-24,전국,19.2,17.1,21.7
2014-09-25,전국,20.2,16,26.2
2014-09-26,전국,19.9,16.1,25
2014-09-27,전국,20.2,15.1,26.3
2014-09-28,전국,20.9,16.3,26.8
2014-09-29,전국,19.9,18,22.1
2014-09-30,전국,18.6,15.6,23.2
2014-10-01,전국,18.3,14.9,23.3
2014-10-02,전국,18.6,14.5,23.5
2014-10-03,전국,17.2,12.7,21.8
2014-10-04,전국,16.5,11.3,22.4
2014-10-05,전국,16.2,10.9,22.2
2014-10-06,전국,15.3,9.9,21.8
2014-10-07,전국,15,8.9,22.7
2014-10-08,전국,15.4,9.2,23.2
2014-10-09,전국,16.4,10.2,24.3
2014-10-10,전국,18,10.5,25.6
2014-10-11,전국,18.5,13.4,24.9
2014-10-12,전국,17.8,12.6,22.5
2014-10-13,전국,16.4,11.4,20.4
2014-10-14,전국,12.9,7.9,19.6
2014-10-15,전국,12.7,6.7,20.2
2014-10-16,전국,12.9,7.5,19.7
2014-10-17,전국,12,4.7,21
2014-10-18,전국,13,5.7,22.5
2014-10-19,전국,15.1,7.1,22.8
2014-10-20,전국,16.6,14.2,18.6
2014-10-21,전국,15.9,13.2,18.8
2014-10-22,전국,13.2,9.7,16.8
2014-10-23,전국,12.5,7.7,19.3
2014-10-24,전국,13.8,8.3,21.5
2014-10-25,전국,14.6,9.3,23.1
2014-10-26,전국,15.5,8.9,22.6
2014-10-27,전국,12.5,6.8,18.5
2014-10-28,전국,10,3.4,19.2
2014-10-29,전국,11.2,4.6,20
2014-10-30,전국,12.8,6.2,19.9
2014-10-31,전국,12.9,11.1,15.1
2014-11-01,전국,15.1,12.5,18.3
2014-11-02,전국,12.3,8.7,15.6
2014-11-03,전국,8.8,3.6,14.2
2014-11-04,전국,9.2,2.6,17.8
2014-11-05,전국,10.3,3.4,18.6
2014-11-06,전국,12.3,7.5,18.9
2014-11-07,전국,10.3,5.5,16.2
2014-11-08,전국,11.2,7.7,15.4
2014-11-09,전국,10.8,5.3,16.6
2014-11-10,전국,8.6,2.6,17.2
2014-11-11,전국,9,2.3,16.2
2014-11-12,전국,8.6,3.3,12.9
2014-11-13,전국,2.8,-0.3,6.4
2014-11-14,전국,5.2,-0.5,11.3
2014-11-15,전국,5.6,0.2,11.9
2014-11-16,전국,7.7,3.2,14
2014-11-17,전국,7.1,2.9,12
2014-11-18,전국,5.4,0.6,12
2014-11-19,전국,4.8,-1.7,13.1
2014-11-20,전국,6.2,-0.2,14.8
2014-11-21,전국,8.1,1.4,16.2
2014-11-22,전국,9.3,3.7,15.8
2014-11-23,전국,8.9,4.1,13.9
2014-11-24,전국,9.7,8.1,11.5
2014-11-25,전국,10.2,7.4,13.3
2014-11-26,전국,9.4,5.5,14.9
2014-11-27,전국,8.5,3.6,15.9
2014-11-28,전국,9.5,5.2,12.6
2014-11-29,전국,10.3,6.6,15
2014-11-30,전국,9.9,6.8,11.9
2014-12-01,전국,2.7,-3.1,10.7
2014-12-02,전국,-2.6,-5.1,0.6
2014-12-03,전국,0.7,-4.4,4.1
2014-12-04,전국,-0.4,-3.4,3.1
2014-12-05,전국,-3.1,-5.9,0.5
2014-12-06,전국,-2.3,-6.3,1.9
2014-12-07,전국,-1.4,-5.1,3.5
2014-12-08,전국,0.2,-3.8,5.2
2014-12-09,전국,-0.9,-6.1,5.8
2014-12-10,전국,3.3,-2.3,7.8
2014-12-11,전국,2.5,-1.9,6.1
2014-12-12,전국,-0.2,-3.4,3.6
2014-12-13,전국,-2.3,-5.2,0.8
2014-12-14,전국,-1.6,-6.9,3.4
2014-12-15,전국,2,-2.6,5.8
2014-12-16,전국,-1.1,-6,4.2
2014-12-17,전국,-6,-8.7,-3.2
2014-12-18,전국,-5.3,-10.1,0.4
2014-12-19,전국,-2.1,-9.2,3.1
2014-12-20,전국,0.8,-3.4,5.1
2014-12-21,전국,-3.3,-7,1.3
2014-12-22,전국,-2.5,-8,2.7
2014-12-23,전국,0.1,-5.9,5.9
2014-12-24,전국,3.4,-1.1,9
2014-12-25,전국,-0.3,-3.9,4.3
2014-12-26,전국,-2.1,-6.8,4.1
2014-12-27,전국,-1.1,-6.7,7.1
2014-12-28,전국,-0.1,-5.6,5.1
2014-12-29,전국,2.7,-1.7,8
2014-12-30,전국,3.5,-1.7,9.9
2014-12-31,전국,0.1,-4.1,4.7
2015-01-01,전국,-4.9,-7.4,-1.9
2015-01-02,전국,-3.8,-7.6,0.8
2015-01-03,전국,-2.3,-9.3,4.3
2015-01-04,전국,2.4,-2.6,9.8
2015-01-05,전국,3.8,-2.7,10.1
2015-01-06,전국,1.8,-3.3,7.1
2015-01-07,전국,-3,-6.5,1.6
2015-01-08,전국,-2.5,-7.8,3.3
2015-01-09,전국,-0.2,-5.1,4.9
2015-01-10,전국,1,-4.2,6.7
2015-01-11,전국,1,-3.3,6
2015-01-12,전국,-1.7,-6.5,4.8
2015-01-13,전국,0.4,-6.5,7.9
2015-01-14,전국,2.7,-0.2,5.9
2015-01-15,전국,3.1,-1.3,9.1
2015-01-16,전국,1.5,-2.6,5.3
2015-01-17,전국,-0.9,-4.6,3.1
2015-01-18,전국,0,-6.8,5.8
2015-01-19,전국,2.7,-1.3,6.4
2015-01-20,전국,0.4,-5.3,6.8
2015-01-21,전국,2.9,-0.6,6.5
2015-01-22,전국,3.1,0.5,6.3
2015-01-23,전국,1.4,-2.7,6.8
2015-01-24,전국,2.6,-1.9,8.8
2015-01-25,전국,3.7,-1.3,7.8
2015-01-26,전국,5.6,2.7,9.1
2015-01-27,전국,0.5,-3.7,4.6
2015-01-28,전국,-2.1,-6,3.5
2015-01-29,전국,0.3,-3.6,3.7
2015-01-30,전국,0,-3.6,3.6
2015-01-31,전국,-2.7,-6.9,2.6
2015-02-01,전국,-1.9,-8,5.5
2015-02-02,전국,-0.2,-5.5,7.3
2015-02-03,전국,0.7,-5.1,7.9
2015-02-04,전국,0.9,-3.4,6.1
2015-02-05,전국,0.9,-2.9,5.4
2015-02-06,전국,1.3,-3.6,7.4
2015-02-07,전국,2.2,-2.6,7.1
2015-02-08,전국,-4.8,-8.3,2.5
2015-02-09,전국,-3.9,-10.7,1.2
2015-02-10,전국,3,-2.2,8.1
2015-02-11,전국,4,-1.2,9.7
2015-02-12,전국,0.6,-3.2,4.8
2015-02-13,전국,-0.7,-6.4,5.2
2015-02-14,전국,2.2,-4.8,9.2
2015-02-15,전국,6.1,-0.2,11
2015-02-16,전국,5.1,3.8,6.8
2015-02-17,전국,3.6,1.7,6.4
2015-02-18,전국,2.3,0.6,4.8
2015-02-19,전국,2.3,-2.1,8.3
2015-02-20,전국,4.2,-3.2,10.9
2015-02-21,전국,6.4,3.9,8.5
2015-02-22,전국,6.3,1.7,11.3
2015-02-23,전국,3.2,-0.2,8.6
2015-02-24,전국,3.4,-0.9,9.6
2015-02-25,전국,5.2,-0.4,11.2
2015-02-26,전국,3.6,-1.1,8.2
2015-02-27,전국,-0.3,-3.7,4.1
2015-02-28,전국,2,-3.7,6.8
2015-03-01,전국,3.2,0.5,7.1
2015-03-02,전국,3.5,-3,10.5
2015-03-03,전국,3.6,0.5,7.6
2015-03-04,전국,0.2,-2.8,4.3
2015-03-05,전국,0.5,-5.6,6.8
2015-03-06,전국,3,-3.5,10.5
2015-03-07,전국,4.3,-2.4,12.2
2015-03-08,전국,6.4,-2.3,14.6
2015-03-09,전국,4.5,-3.3,11.3
2015-03-10,전국,-1.6,-5.4,2.7
2015-03-11,전국,2.5,-3.3,8.1
2015-03-12,전국,3.5,-2.9,9.5
2015-03-13,전국,5.6,0.1,10.9
2015-03-14,전국,4.8,-2,11.7
2015-03-15,전국,6.4,-1.5,15.2
2015-03-16,전국,9.3,0.7,19.1
2015-03-17,전국,11.7,3,20.2
2015-03-18,전국,9.6,7.8,12.3
2015-03-19,전국,11.4,6.8,18.3
2015-03-20,전국,12.1,7.1,19.6
2015-03-21,전국,11.9,5.1,19.4
2015-03-22,전국,9.7,3.8,16.8
2015-03-23,전국,5.5,-0.3,11.5
2015-03-24,전국,4.9,-1.6,12.1
2015-03-25,전국,5.9,-2.4,14.2
2015-03-26,전국,8.1,-0.8,17
2015-03-27,전국,9.6,1.3,18.3
2015-03-28,전국,11.1,1.5,19.3
2015-03-29,전국,12,6.2,19.1
2015-03-30,전국,13.1,4.7,21.3
2015-03-31,전국,12.8,8.3,15.5
2015-04-01,전국,11.7,9.2,15.9
2015-04-02,전국,13.4,8.4,19.5
2015-04-03,전국,12.9,9,18.8
2015-04-04,전국,11.1,7.7,16.2
2015-04-05,전국,10,8.4,11.7
2015-04-06,전국,10.4,7.4,13.3
2015-04-07,전국,7.5,5.1,10.8
2015-04-08,전국,7.9,4.3,12.4
2015-04-09,전국,9,3.4,15.1
2015-04-10,전국,10.5,3.4,18.2
2015-04-11,전국,11.4,3.5,19.5
2015-04-12,전국,11.9,5.2,17.9
2015-04-13,전국,10.4,8.1,13.2
2015-04-14,전국,8.6,6.1,12.5
2015-04-15,전국,12,5.9,18.8
2015-04-16,전국,11.6,6,20.4
2015-04-17,전국,11.4,3.6,19
2015-04-18,전국,13.7,4.7,21.7
2015-04-19,전국,14.2,11.3,17.2
2015-04-20,전국,11.5,8.1,14.6
2015-04-21,전국,12.8,5.7,20.9
2015-04-22,전국,13.8,7.1,20.9
2015-04-23,전국,14.4,5.9,22.3
2015-04-24,전국,15.6,8.7,22.9
2015-04-25,전국,15.7,6.7,24.2
2015-04-26,전국,18.2,8.5,26.9
2015-04-27,전국,18.7,11.2,26.6
2015-04-28,전국,17.6,10.9,23.9
2015-04-29,전국,15.8,14,18.2
2015-04-30,전국,17.9,13.1,24
2015-05-01,전국,19.2,12.8,26.3
2015-05-02,전국,19.8,13.5,26.2
2015-05-03,전국,17.6,15.8,20.2
2015-05-04,전국,16.4,10.5,21.9
2015-05-05,전국,14.2,5.9,21.9
2015-05-06,전국,14.9,7.7,22.1
2015-05-07,전국,16.3,8.7,24.1
2015-05-08,전국,16.9,9.2,23.4
2015-05-09,전국,17.7,12.9,24.1
2015-05-10,전국,16.7,10.8,23.5
2015-05-11,전국,16.8,11.7,21.9
2015-05-12,전국,15.8,12.2,19.8
2015-05-13,전국,19.6,12.5,25.7
2015-05-14,전국,20.7,13.6,26.9
2015-05-15,전국,19.1,15.3,23.9
2015-05-16,전국,18,11.7,25.3
2015-05-17,전국,18,9.8,26.1
2015-05-18,전국,16.3,12.8,20.4
2015-05-19,전국,17.9,12.8,24.2
2015-05-20,전국,16.7,11.3,22.5
2015-05-21,전국,18.7,10.1,26.5
2015-05-22,전국,20.7,14,27.7
2015-05-23,전국,20.2,14.1,27.3
2015-05-24,전국,20.3,12.5,28.3
2015-05-25,전국,20.2,12.2,28.3
2015-05-26,전국,21.8,13.1,30.9
2015-05-27,전국,21.4,12.8,30
2015-05-28,전국,21.7,15.5,29.2
2015-05-29,전국,22.5,14.6,29.6
2015-05-30,전국,19.1,15.8,23
2015-05-31,전국,20.4,14.5,27.7
2015-06-01,전국,21.8,14.2,29
2015-06-02,전국,21.7,17.2,27.2
2015-06-03,전국,21.7,16.4,27.7
2015-06-04,전국,21.6,12.9,29.3
2015-06-05,전국,16.9,13.3,21.2
2015-06-06,전국,19.1,12.3,26.1
2015-06-07,전국,20.9,15,27.6
2015-06-08,전국,20.2,15.8,24.7
2015-06-09,전국,21.7,16.3,27.9
2015-06-10,전국,23.7,16.5,31.2
2015-06-11,전국,21.8,17.9,25.6
2015-06-12,전국,23.2,18.1,29.6
2015-06-13,전국,22.6,17.5,28.4
2015-06-14,전국,21.8,17.4,27.3
2015-06-15,전국,23,19.2,28.4
2015-06-16,전국,22.6,19.2,28.5
2015-06-17,전국,21.4,18.2,25.9
2015-06-18,전국,22.5,18.1,27.8
2015-06-19,전국,22.4,18.4,27.8
2015-06-20,전국,19.4,17.4,22.3
2015-06-21,전국,21.2,17,26.8
2015-06-22,전국,22.3,17.3,28
2015-06-23,전국,23.1,18.2,29
2015-06-24,전국,22.5,19.2,27.2
2015-06-25,전국,21.8,18.9,25.9
2015-06-26,전국,20.9,18.8,23.8
2015-06-27,전국,21.6,18.4,25.8
2015-06-28,전국,22.1,17.9,27.2
2015-06-29,전국,23.5,18.5,29.1
2015-06-30,전국,21.4,19,25.5
2015-07-01,전국,22.6,18.4,28.1
2015-07-02,전국,22.4,17,28.2
2015-07-03,전국,22.3,17.6,28
2015-07-04,전국,21.2,15.8,26.7
2015-07-05,전국,21.8,17,27.4
2015-07-06,전국,22.2,17.9,27.2
2015-07-07,전국,20.1,17.7,23.1
2015-07-08,전국,21,18.4,23.6
2015-07-09,전국,22.8,20.2,26.2
2015-07-10,전국,25,20.6,30.3
2015-07-11,전국,25.9,22,31.1
2015-07-12,전국,24.2,22.8,26.1
2015-07-13,전국,23.9,21.8,26.7
2015-07-14,전국,25.4,21,30.8
2015-07-15,전국,25,20.7,31.2
2015-07-16,전국,22.9,19.4,27.1
2015-07-17,전국,21.6,17.8,25.7
2015-07-18,전국,23,20.1,27.1
2015-07-19,전국,24,20.2,28.6
2015-07-20,전국,24.3,21.9,27.6
2015-07-21,전국,24.6,22.1,28.3
2015-07-22,전국,25.7,23,29.9
2015-07-23,전국,25.9,23.6,29.4
2015-07-24,전국,25.6,24.1,27.6
2015-07-25,전국,26.5,24,29.6
2015-07-26,전국,27,22.4,32.4
2015-07-27,전국,26.6,23.5,30.4
2015-07-28,전국,27.4,24.1,32
2015-07-29,전국,27.3,24.3,31.1
2015-07-30,전국,28.7,24.7,33.7
2015-07-31,전국,28.3,24.5,33.6
2015-08-01,전국,27.6,23.8,32.9
2015-08-02,전국,27,23.5,31.5
2015-08-03,전국,28.1,24.2,33.1
2015-08-04,전국,28,23.3,33.3
2015-08-05,전국,28,23.6,33.7
2015-08-06,전국,28.4,23.4,34.3
2015-08-07,전국,28.5,23.4,34.8
2015-08-08,전국,27.1,23.6,33.8
2015-08-09,전국,26.8,22.7,32.3
2015-08-10,전국,26.4,22.7,31.5
2015-08-11,전국,25.1,21.3,29.2
2015-08-12,전국,23.8,20.4,27.9
2015-08-13,전국,24.8,21,30.5
2015-08-14,전국,25.1,20.8,30.8
2015-08-15,전국,25.9,21.2,31.6
2015-08-16,전국,24.8,21.4,29.7
2015-08-17,전국,25.1,20.5,30.9
2015-08-18,전국,25.2,21.3,30
2015-08-19,전국,25,21.4,29
2015-08-20,전국,24.1,22,27.3
2015-08-21,전국,23.6,21.1,28.3
2015-08-22,전국,24.3,21.1,28.6
2015-08-23,전국,24.9,21.4,29.8
2015-08-24,전국,24.7,22.1,27.9
2015-08-25,전국,21.5,19.7,24
2015-08-26,전국,22.2,18.7,26.9
2015-08-27,전국,23.2,18.3,28.7
2015-08-28,전국,23,18.8,28.7
2015-08-29,전국,22.9,18.8,28.7
2015-08-30,전국,23.2,18.3,29.1
2015-08-31,전국,23.9,19.3,29.1
2015-09-01,전국,23.6,20.8,27.9
2015-09-02,전국,22.8,20,27.4
2015-09-03,전국,22.9,19.2,28.1
2015-09-04,전국,23.3,18.8,29
2015-09-05,전국,21.7,19.4,25.6
2015-09-06,전국,20.9,18,24.6
2015-09-07,전국,20.7,15.9,26.4
2015-09-08,전국,20,14.3,26.2
2015-09-09,전국,20.3,13.6,27.1
2015-09-10,전국,20.6,14.2,27.3
2015-09-11,전국,21,15.7,26.6
2015-09-12,전국,18.8,15.5,22.1
2015-09-13,전국,18.6,13.5,25.1
2015-09-14,전국,19.1,12.8,26.4
2015-09-15,전국,19.3,13.3,25.7
2015-09-16,전국,18.9,13.2,24.1
2015-09-17,전국,19.3,15.2,24.2
2015-09-18,전국,20.1,14.6,26.3
2015-09-19,전국,20.1,15.2,26.7
2015-09-20,전국,20.1,14.8,26.6
2015-09-21,전국,20.6,15.1,27.9
2015-09-22,전국,20.6,14.8,28
2015-09-23,전국,19,15.6,22.5
2015-09-24,전국,20.7,16.5,25.7
2015-09-25,전국,20.6,16.3,26.3
2015-09-26,전국,20.1,15.4,26.5
2015-09-27,전국,19.7,13.7,27.6
2015-09-28,전국,20.5,13.1,28.6
2015-09-29,전국,20.7,14.4,27
2015-09-30,전국,19.3,16.7,23.1
2015-10-01,전국,18.1,14.5,22.6
2015-10-02,전국,15.9,8.9,21.9
2015-10-03,전국,18.2,11.9,24.9
2015-10-04,전국,16.5,11,23.6
2015-10-05,전국,16.7,11,24.4
2015-10-06,전국,16.8,10.1,25.4
2015-10-07,전국,17.2,10.8,24.8
2015-10-08,전국,17.5,12.5,24.4
2015-10-09,전국,16,10.2,21.4
2015-10-10,전국,13.7,7.6,20.7
2015-10-11,전국,12.7,8.6,17
2015-10-12,전국,13.4,9.4,18.5
2015-10-13,전국,14.4,7.5,21.8
2015-10-14,전국,15.5,9.5,23.3
2015-10-15,전국,15.7,9.9,23.8
2015-10-16,전국,15.8,10.4,23.5
2015-10-17,전국,16.1,10.2,24.8
2015-10-18,전국,16.2,9.6,25.2
2015-10-19,전국,16.4,10.7,23.5
2015-10-20,전국,16.8,11.5,24.1
2015-10-21,전국,16.9,11.8,23.9
2015-10-22,전국,16.3,12.3,21.6
2015-10-23,전국,16.3,12.3,22
2015-10-24,전국,16.2,11.3,22.3
2015-10-25,전국,14.7,9.6,21
2015-10-26,전국,14.4,9.1,19.8
2015-10-27,전국,13.4,9.7,17.8
2015-10-28,전국,11.4,5.9,17.2
2015-10-29,전국,10.5,5.4,16.3
2015-10-30,전국,8,3.6,12.8
2015-10-31,전국,6.3,0.7,13.2
2015-11-01,전국,6.7,0.9,11.2
2015-11-02,전국,10.1,4.6,16.4
2015-11-03,전국,10.8,4.9,19
2015-11-04,전국,10.9,3.8,20
2015-11-05,전국,12.9,7.1,20.7
2015-11-06,전국,13.5,8,19.2
2015-11-07,전국,13.2,11.7,14.5
2015-11-08,전국,13.7,12.5,15.1
2015-11-09,전국,12.7,10.8,15.5
2015-11-10,전국,11.1,7.6,15.3
2015-11-11,전국,11.5,6.8,17.1
2015-11-12,전국,13.7,9.1,18.1
2015-11-13,전국,12.1,10.9,13.9
2015-11-14,전국,13.8,12,16.2
2015-11-15,전국,13.5,9.6,18.3
2015-11-16,전국,12.6,8.9,15.8
2015-11-17,전국,14.3,12.3,17.1
2015-11-18,전국,11.6,9.4,14.2
2015-11-19,전국,10.2,8.6,12.1
2015-11-20,전국,11,7.6,15.9
2015-11-21,전국,9.6,5.9,13.5
2015-11-22,전국,11.3,7.3,15.5
2015-11-23,전국,10.9,9.2,12.7
2015-11-24,전국,8.5,6,11.2
2015-11-25,전국,5.6,3.8,7.6
2015-11-26,전국,0.9,-1.1,4.5
2015-11-27,전국,1.1,-1.9,4
2015-11-28,전국,3.2,0.1,7.2
2015-11-29,전국,5.2,1.6,9.6
2015-11-30,전국,6.4,1.5,11.6
2015-12-01,전국,4.7,-0.9,12.1
2015-12-02,전국,7.3,2.9,11.3
2015-12-03,전국,3,-0.3,6.5
2015-12-04,전국,2.8,-0.6,5.7
2015-12-05,전국,5.5,2.1,8.7
2015-12-06,전국,3.2,-0.7,8.3
2015-12-07,전국,3.5,-2.5,9.9
2015-12-08,전국,4.6,0,11.1
2015-12-09,전국,6.2,-0.4,13.2
2015-12-10,전국,8.7,6.6,10.6
2015-12-11,전국,7.6,3.8,10.9
2015-12-12,전국,5.5,1.1,10.8
2015-12-13,전국,6.5,2.6,12.5
2015-12-14,전국,6.9,4.2,8.7
2015-12-15,전국,7.2,4.7,9.9
2015-12-16,전국,1.7,-1.6,5.5
2015-12-17,전국,-2,-4.8,1.4
2015-12-18,전국,-0.5,-6,4.7
2015-12-19,전국,1.4,-3,8.4
2015-12-20,전국,2.1,-2.5,6
2015-12-21,전국,4.3,0.5,9.3
2015-12-22,전국,4.1,-1.1,9.6
2015-12-23,전국,6.3,3.8,9
2015-12-24,전국,4.2,0.8,8.7
2015-12-25,전국,1.4,-2.6,5.8
2015-12-26,전국,3.8,-2.1,9.8
2015-12-27,전국,-0.8,-4.6,3.7
2015-12-28,전국,-2.4,-6.4,2.2
2015-12-29,전국,-1.4,-6.7,4.8
2015-12-30,전국,0.9,-5.2,7.4
2015-12-31,전국,2,-1.7,6.3
2016-01-01,전국,1.7,-3.9,7.3
2016-01-02,전국,5.1,0.3,11.5
2016-01-03,전국,5.9,1,12.9
2016-01-04,전국,5.3,0.1,10.1
2016-01-05,전국,0.6,-2.4,4.4
2016-01-06,전국,0.7,-4.2,5.4
2016-01-07,전국,0.4,-2.6,4.3
2016-01-08,전국,-0.5,-3.8,3.9
2016-01-09,전국,0.7,-3.8,5.5
2016-01-10,전국,1.7,-2.8,6.7
2016-01-11,전국,-0.7,-4.4,4.3
2016-01-12,전국,-2.1,-7.1,3.7
2016-01-13,전국,-1.2,-4.9,2.3
2016-01-14,전국,-1.1,-5.5,3.3
2016-01-15,전국,-0.2,-5.3,6.2
2016-01-16,전국,0.8,-4,7.3
2016-01-17,전국,2.1,-1.3,5.6
2016-01-18,전국,-2,-7.3,3.1
2016-01-19,전국,-7.5,-9.7,-4.6
2016-01-20,전국,-6.9,-10.9,-2.3
2016-01-21,전국,-4.7,-8.4,0
2016-01-22,전국,-4.2,-9.3,0.7
2016-01-23,전국,-7,-11.3,-3.5
2016-01-24,전국,-10.8,-14.2,-7.4
2016-01-25,전국,-6.6,-12.4,-1.3
2016-01-26,전국,-1.7,-7,3.5
2016-01-27,전국,0.2,-4.8,6.1
2016-01-28,전국,0.3,-4.6,3.6
2016-01-29,전국,2.3,0.3,4.4
2016-01-30,전국,2.2,-1.2,6.4
2016-01-31,전국,-0.5,-3.2,2.9
2016-02-01,전국,-2.9,-6.2,1.7
2016-02-02,전국,-3.4,-8.6,2.7
2016-02-03,전국,-1.8,-8.3,4.9
2016-02-04,전국,0.4,-4.8,5.9
2016-02-05,전국,-0.2,-5,5.4
2016-02-06,전국,-1.4,-5.6,3.3
2016-02-07,전국,-1.8,-8,5
2016-02-08,전국,1.7,-5.7,7.4
2016-02-09,전국,2.6,-2.2,7.5
2016-02-10,전국,2.2,-4.9,10.8
2016-02-11,전국,6.8,-1.2,13.7
2016-02-12,전국,9.7,6.9,12
2016-02-13,전국,11.7,7.1,16.2
2016-02-14,전국,1.1,-3,9.5
2016-02-15,전국,-3.1,-6,0.1
2016-02-16,전국,-0.1,-4.4,4
2016-02-17,전국,1.2,-4.1,6.5
2016-02-18,전국,3.6,-2.9,9.7
2016-02-19,전국,4.5,-0.2,8.9
2016-02-20,전국,3.5,-0.6,8.7
2016-02-21,전국,1,-3.6,6
2016-02-22,전국,2.7,-1.5,6.5
2016-02-23,전국,3.3,-1.3,8.5
2016-02-24,전국,-1,-4.7,3.4
2016-02-25,전국,0.3,-5.9,6
2016-02-26,전국,2.8,-2.3,7.3
2016-02-27,전국,5.2,1.2,10.6
2016-02-28,전국,4,-0.5,10.5
2016-02-29,전국,-1.8,-4.8,1.3
2016-03-01,전국,-1.4,-7.3,4.3
2016-03-02,전국,3.2,-3.8,10.4
2016-03-03,전국,7.2,-0.1,15.2
2016-03-04,전국,9.4,4.6,13.7
2016-03-05,전국,11.8,8.2,15.5
2016-03-06,전국,10.3,5.3,15.6
2016-03-07,전국,8.9,3.4,14.9
2016-03-08,전국,5.9,2.4,9.3
2016-03-09,전국,3.1,0.3,8.2
2016-03-10,전국,1.3,-1.9,5.7
2016-03-11,전국,0.7,-3.9,5.8
2016-03-12,전국,2.5,-4.2,8.7
2016-03-13,전국,4.3,1,8.4
2016-03-14,전국,4.2,-0.5,10
2016-03-15,전국,5.6,-2.5,13.3
2016-03-16,전국,8.8,3,16.4
2016-03-17,전국,10.2,0.9,18.3
2016-03-18,전국,11.2,7.9,15.4
2016-03-19,전국,10.4,5.2,16.8
2016-03-20,전국,8.2,3.3,13.8
2016-03-21,전국,8.6,2.3,15.6
2016-03-22,전국,9.3,2,16.9
2016-03-23,전국,8.1,4.1,13.6
2016-03-24,전국,6.4,1.2,12
2016-03-25,전국,5.8,1.4,11.1
2016-03-26,전국,5.7,0.2,12.1
2016-03-27,전국,7,0,14.1
2016-03-28,전국,9.3,0.7,17.5
2016-03-29,전국,11.9,4.8,18
2016-03-30,전국,12.7,6.4,20.3
2016-03-31,전국,12.4,4.8,20.7
2016-04-01,전국,13.2,4.3,22.8
2016-04-02,전국,13.9,5.7,21.5
2016-04-03,전국,11.7,8.9,15.2
2016-04-04,전국,11.2,7.6,15.6
2016-04-05,전국,12,5.1,19.6
2016-04-06,전국,12.8,5.7,21
2016-04-07,전국,12.7,9.2,18
2016-04-08,전국,13.9,8,21.7
2016-04-09,전국,14.9,8.2,22.2
2016-04-10,전국,13.6,8.2,21.3
2016-04-11,전국,10.9,6.8,16.1
2016-04-12,전국,12.5,6.2,19
2016-04-13,전국,14.2,10.9,18.2
2016-04-14,전국,14.7,9.6,21.3
2016-04-15,전국,13.7,6.5,21.2
2016-04-16,전국,14.6,7.9,20.7
2016-04-17,전국,13.1,10.1,17.2
2016-04-18,전국,13,8.3,18.9
2016-04-19,전국,12.5,7.4,19
2016-04-20,전국,13.9,7.3,20.3
2016-04-21,전국,13.8,10.9,17.3
2016-04-22,전국,17.1,11.2,24.6
2016-04-23,전국,15.2,10.9,20.7
2016-04-24,전국,14.3,7.2,22.1
2016-04-25,전국,15.9,7.3,24.9
2016-04-26,전국,17,8.7,25.4
2016-04-27,전국,12.4,10.8,15.5
2016-04-28,전국,13.6,9.6,19.2
2016-04-29,전국,14.4,8.4,20.9
2016-04-30,전국,16.5,8.8,23.8
2016-05-01,전국,18.1,10.4,26.1
2016-05-02,전국,18.9,11.8,25.9
2016-05-03,전국,15.3,11.7,19.8
2016-05-04,전국,17,11.7,22.3
2016-05-05,전국,18.2,9.3,26
2016-05-06,전국,17.9,13.9,22.5
2016-05-07,전국,17.1,11.3,23.6
2016-05-08,전국,17.4,9.3,24.8
2016-05-09,전국,18.1,13.6,23.4
2016-05-10,전국,13.9,12.2,17.2
2016-05-11,전국,15.7,11.4,21.7
2016-05-12,전국,18,11,25.1
2016-05-13,전국,16.6,11.9,22.5
2016-05-14,전국,17.3,10.5,23.9
2016-05-15,전국,18.1,11.7,24.3
2016-05-16,전국,15.4,9.9,21.7
2016-05-17,전국,17.8,8.6,26.6
2016-05-18,전국,20.3,11.4,29.3
2016-05-19,전국,20.3,12.4,28.8
2016-05-20,전국,19.9,11.9,28
2016-05-21,전국,20.1,12.3,27.9
2016-05-22,전국,20.2,12.4,28.1
2016-05-23,전국,20.6,12.5,27.8
2016-05-24,전국,18,15,21.3
2016-05-25,전국,19.4,13.7,25.8
2016-05-26,전국,20.4,15.1,25.9
2016-05-27,전국,21.5,16.8,27.5
2016-05-28,전국,20.9,16.3,27.1
2016-05-29,전국,20.2,15.7,26.5
2016-05-30,전국,21.3,14.4,28.4
2016-05-31,전국,21.7,15.5,28.1
2016-06-01,전국,20.9,15.8,26.5
2016-06-02,전국,20.2,13.1,27
2016-06-03,전국,21.6,14.3,28.3
2016-06-04,전국,19.4,16.3,22.9
2016-06-05,전국,21,15,27.3
2016-06-06,전국,19.5,16.8,22.6
2016-06-07,전국,21.2,17.9,25.9
2016-06-08,전국,21,18.1,25
2016-06-09,전국,22.2,17.4,28.3
2016-06-10,전국,22.8,17.7,28.8
2016-06-11,전국,23.6,19.3,28.6
2016-06-12,전국,23.1,20.4,26.5
2016-06-13,전국,22.5,19.2,27.7
2016-06-14,전국,22.1,18.4,27.4
2016-06-15,전국,21.5,18.7,24.9
2016-06-16,전국,22.1,19.1,25.9
2016-06-17,전국,23.2,17.5,29.5
2016-06-18,전국,23.7,17.9,29.8
2016-06-19,전국,23.8,19.8,29.2
2016-06-20,전국,23.2,18.5,28.4
2016-06-21,전국,23.6,20.1,28.1
2016-06-22,전국,22.8,20.6,26.4
2016-06-23,전국,24.2,19.9,29.4
2016-06-24,전국,21.9,19.9,25.2
2016-06-25,전국,22.7,18.8,27.3
2016-06-26,전국,23.2,17.5,29.3
2016-06-27,전국,22.1,17.6,27
2016-06-28,전국,22.4,17.8,27.4
2016-06-29,전국,22.8,19.2,26.7
2016-06-30,전국,24.4,20.8,29.2
2016-07-01,전국,24.2,22,27.6
2016-07-02,전국,23.6,21.5,27
2016-07-03,전국,22.4,20,25.3
2016-07-04,전국,22.2,20.2,24.7
2016-07-05,전국,24.8,21.5,28.6
2016-07-06,전국,23.6,21.2,27.4
2016-07-07,전국,24.2,20.9,29
2016-07-08,전국,25.4,20.8,31.2
2016-07-09,전국,26.1,21.2,32.1
2016-07-10,전국,26,21.7,31.1
2016-07-11,전국,25.6,22.2,30.3
2016-07-12,전국,24.6,22.4,28
2016-07-13,전국,25.6,22.1,29.9
2016-07-14,전국,25,21.4,30
2016-07-15,전국,24.5,20.7,28.7
2016-07-16,전국,21.7,20.4,23.8
2016-07-17,전국,23.3,20.7,27
2016-07-18,전국,23.7,19.7,28.7
2016-07-19,전국,25,20.4,30
2016-07-20,전국,25.3,21.6,29.8
2016-07-21,전국,25.1,21.5,29.7
2016-07-22,전국,25.8,21.7,30.7
2016-07-23,전국,26.4,22.2,31.2
2016-07-24,전국,27.3,23.6,32
2016-07-25,전국,27.3,24.5,31.6
2016-07-26,전국,28,24,32.8
2016-07-27,전국,28,24.5,32
2016-07-28,전국,28.3,24.8,32.7
2016-07-29,전국,27.8,24,32.1
2016-07-30,전국,28.4,25,33.3
2016-07-31,전국,28,24.4,33.5
2016-08-01,전국,27.4,23.7,32.8
2016-08-02,전국,26.4,23.6,30.9
2016-08-03,전국,26.7,23.1,31.8
2016-08-04,전국,27.7,23.4,33
2016-08-05,전국,28,23.3,33.6
2016-08-06,전국,28.3,23.4,34
2016-08-07,전국,28.5,24.1,34.2
2016-08-08,전국,28.2,24,34.5
2016-08-09,전국,27.7,23.9,32.6
2016-08-10,전국,28.4,23.9,34
2016-08-11,전국,29.3,24.1,35.4
2016-08-12,전국,29.5,24.4,35.6
2016-08-13,전국,29.5,24.6,35.3
2016-08-14,전국,29.1,25,34.4
2016-08-15,전국,28.5,25,33.8
2016-08-16,전국,27.9,24.2,33.2
2016-08-17,전국,27.7,23.2,33.3
2016-08-18,전국,28,23.7,33.6
2016-08-19,전국,28.2,23.8,33.6
2016-08-20,전국,28.3,24.1,34
2016-08-21,전국,27.9,23.2,33.8
2016-08-22,전국,28,23,34
2016-08-23,전국,27.3,23.6,32.2
2016-08-24,전국,27.3,22.9,33.2
2016-08-25,전국,27.2,21.3,33.7
2016-08-26,전국,21.9,18.3,27.2
2016-08-27,전국,22,17.1,27.1
2016-08-28,전국,19.6,17.3,23.3
2016-08-29,전국,20.5,16.3,25.4
2016-08-30,전국,20.7,16.9,24.7
2016-08-31,전국,21.8,18.5,25.3
2016-09-01,전국,24.6,19.6,30.2
2016-09-02,전국,21.4,19.4,24.8
2016-09-03,전국,22.9,19.7,27.1
2016-09-04,전국,24.6,21.1,29.4
2016-09-05,전국,24.6,21.7,29.1
2016-09-06,전국,23.6,20.2,27.8
2016-09-07,전국,23.1,19.9,27.9
2016-09-08,전국,22.7,18.6,28.2
2016-09-09,전국,22.8,18.9,28.5
2016-09-10,전국,22.4,18.7,27.6
2016-09-11,전국,22.8,19.3,27.3
2016-09-12,전국,21.7,19.1,25.9
2016-09-13,전국,22.4,17.7,28.2
2016-09-14,전국,22.6,18.7,27.7
2016-09-15,전국,22.6,18.2,28.2
2016-09-16,전국,22.1,19.6,25.3
2016-09-17,전국,20.5,18.8,22.8
2016-09-18,전국,20.3,18.3,22.8
2016-09-19,전국,20.2,17.1,24.1
2016-09-20,전국,18.8,13.9,24.4
2016-09-21,전국,18.4,12.7,24.1
2016-09-22,전국,19.4,15.8,24.6
2016-09-23,전국,19.7,14.4,26.1
2016-09-24,전국,20.4,15.4,27.1
2016-09-25,전국,20.7,16.1,26.6
2016-09-26,전국,21.7,17.9,26.5
2016-09-27,전국,22.7,20.1,26.7
2016-09-28,전국,21.3,18.8,24.7
2016-09-29,전국,19.1,17,21.7
2016-09-30,전국,17.8,15.9,19.9
2016-10-01,전국,19.1,16.3,22.3
2016-10-02,전국,20.8,17.8,24.4
2016-10-03,전국,22.6,18.9,26.9
2016-10-04,전국,21.4,16.8,27.2
2016-10-05,전국,19.5,16.7,24.2
2016-10-06,전국,18.6,14.4,24.3
2016-10-07,전국,18.4,14.8,22.8
2016-10-08,전국,17.4,14,21.5
2016-10-09,전국,12.8,8.8,17.8
2016-10-10,전국,13.3,8.4,19.1
2016-10-11,전국,14.5,10.2,20.6
2016-10-12,전국,15.1,10.8,21.2
2016-10-13,전국,14.5,10.6,20.2
2016-10-14,전국,15.2,9.2,23.1
2016-10-15,전국,16.7,10.6,24.3
2016-10-16,전국,16,13.9,18.5
2016-10-17,전국,17.7,14,23.2
2016-10-18,전국,16.3,12,22.4
2016-10-19,전국,16.8,12.6,23.3
2016-10-20,전국,16.8,11.7,22.7
2016-10-21,전국,16.6,14.9,18.8
2016-10-22,전국,16.8,13.6,21
2016-10-23,전국,14.4,11.4,17.6
2016-10-24,전국,14.2,9.5,19.4
2016-10-25,전국,14.6,11.3,19.1
2016-10-26,전국,13.8,10,18.3
2016-10-27,전국,14.5,9.1,19.2
2016-10-28,전국,14.1,12.1,16.5
2016-10-29,전국,10.6,7.1,14
2016-10-30,전국,8.1,2.9,15.1
2016-10-31,전국,8.3,4.4,11.6
2016-11-01,전국,4.6,0.4,9.7
2016-11-02,전국,5.3,-1.2,11.8
2016-11-03,전국,8.1,2.9,14.7
2016-11-04,전국,10.2,3.5,17.4
2016-11-05,전국,13.2,7.6,19.8
2016-11-06,전국,12.6,8.9,16.5
2016-11-07,전국,13.1,9.4,17.8
2016-11-08,전국,8.2,3.1,12.7
2016-11-09,전국,4.3,-0.7,10.5
2016-11-10,전국,7.3,2.8,12
2016-11-11,전국,9.3,4.5,15.2
2016-11-12,전국,10,2.9,18.2
2016-11-13,전국,12.6,6.9,18.3
2016-11-14,전국,14.3,10.2,18.7
2016-11-15,전국,9.5,3.4,15.2
2016-11-16,전국,6.6,0.3,14.3
2016-11-17,전국,8.7,3.3,16.1
2016-11-18,전국,10,3.6,15.6
2016-11-19,전국,13.4,10.6,16.7
2016-11-20,전국,12.2,7.3,17.6
2016-11-21,전국,10.3,6.1,14.2
2016-11-22,전국,6.3,2.5,10.9
2016-11-23,전국,3.1,-0.5,7.6
2016-11-24,전국,0.7,-3,5.5
2016-11-25,전국,1.9,-2.8,8.1
2016-11-26,전국,1.2,-2.6,4.3
2016-11-27,전국,4.1,1,8.5
2016-11-28,전국,3.8,-0.2,8.4
2016-11-29,전국,3.1,-2.3,10
2016-11-30,전국,6.2,1.2,10.7
2016-12-01,전국,6.5,0.8,10.8
2016-12-02,전국,3,-2.6,10
2016-12-03,전국,4,-2.6,12.1
2016-12-04,전국,5.3,1.1,10.2
2016-12-05,전국,7.9,2.5,13.8
2016-12-06,전국,1.8,-2.9,6.7
2016-12-07,전국,1.6,-4.2,7.6
2016-12-08,전국,3.6,-2.5,9.7
2016-12-09,전국,4.6,-0.5,8.9
2016-12-10,전국,0.8,-3.9,7.1
2016-12-11,전국,0.1,-5.7,7.8
2016-12-12,전국,3.9,-2.8,10.1
2016-12-13,전국,5.4,1.4,9.9
2016-12-14,전국,1.6,-1,4.7
2016-12-15,전국,-0.8,-4.2,2.7
2016-12-16,전국,-1.8,-6.9,2.9
2016-12-17,전국,3.4,-2.2,10.1
2016-12-18,전국,4.4,-1.1,10.6
2016-12-19,전국,7.2,3.4,10.5
2016-12-20,전국,7.3,3.3,13
2016-12-21,전국,8.7,3,13.7
2016-12-22,전국,8.4,4.4,15.3
2016-12-23,전국,1.7,-0.3,4.7
2016-12-24,전국,0.5,-2.3,4
2016-12-25,전국,2.9,-2.9,9
2016-12-26,전국,4.6,2.9,6.2
2016-12-27,전국,1.2,-3.2,4.5
2016-12-28,전국,-1.4,-6.5,4.8
2016-12-29,전국,-1.3,-4.5,2.1
2016-12-30,전국,-1.4,-7,4.6
2016-12-31,전국,1.7,-2.9,7.1
2017-01-01,전국,3.2,-1.5,9.6
2017-01-02,전국,5.5,0.4,11.3
2017-01-03,전국,3.6,-0.9,9.8
2017-01-04,전국,3.8,-1.3,10.6
2017-01-05,전국,4.3,-0.7,8.5
2017-01-06,전국,5.2,0.8,10.5
2017-01-07,전국,4,-1.4,9.5
2017-01-08,전국,7.2,3.9,11.9
2017-01-09,전국,4.4,-0.5,8.1
2017-01-10,전국,0.4,-2.9,4.7
2017-01-11,전국,-1.7,-6.2,2.8
2017-01-12,전국,0.7,-3.7,5.6
2017-01-13,전국,-2.2,-5.9,2.8
2017-01-14,전국,-5,-7.8,-1.8
2017-01-15,전국,-4.8,-10.6,1.6
2017-01-16,전국,-3,-8.8,4.4
2017-01-17,전국,-1.7,-7.8,5.8
2017-01-18,전국,0.5,-4.5,5.9
2017-01-19,전국,0.1,-5,6.8
2017-01-20,전국,-1.7,-5.4,1.4
2017-01-21,전국,-2.6,-8.1,2
2017-01-22,전국,-3.7,-6.9,0.1
2017-01-23,전국,-5.9,-9.9,-1.1
2017-01-24,전국,-4.7,-10.1,1.5
2017-01-25,전국,-3.7,-9.7,3.3
2017-01-26,전국,-0.9,-9.1,6.8
2017-01-27,전국,1.5,-3.7,6.6
2017-01-28,전국,0.5,-7.3,8.3
2017-01-29,전국,3.3,1,5.7
2017-01-30,전국,-1,-5.5,3.2
2017-01-31,전국,-2.9,-8.7,3.7
2017-02-01,전국,-1.2,-5.4,4.2
2017-02-02,전국,-0.9,-7.5,6.1
2017-02-03,전국,1.8,-3.8,8.6
2017-02-04,전국,4.1,-2.3,9.9
2017-02-05,전국,4.2,1.8,7.5
2017-02-06,전국,0.8,-2.6,4.7
2017-02-07,전국,0.1,-4.7,6.3
2017-02-08,전국,0.8,-3.6,5.3
2017-02-09,전국,-2.1,-5,1.2
2017-02-10,전국,-4.1,-6.8,-0.5
2017-02-11,전국,-2.8,-7.5,1.8
2017-02-12,전국,-0.7,-6.1,5.4
2017-02-13,전국,1,-5.9,7.3
2017-02-14,전국,1.5,-3.4,7.6
2017-02-15,전국,2.4,-5.3,11
2017-02-16,전국,7.1,-2.8,14.5
2017-02-17,전국,5.6,-1,12
2017-02-18,전국,0,-4.6,5.1
2017-02-19,전국,3.4,-5,10
2017-02-20,전국,2.9,-3,9.6
2017-02-21,전국,0.8,-6.2,7.9
2017-02-22,전국,3.6,0.3,5.9
2017-02-23,전국,1.4,-2,5
2017-02-24,전국,0.6,-4.7,6.1
2017-02-25,전국,3.1,-2.6,9.2
2017-02-26,전국,3.4,-2,10
2017-02-27,전국,3.6,-2.5,11.1
2017-02-28,전국,4.8,-2.5,13
2017-03-01,전국,6.2,0.7,12.7
2017-03-02,전국,3.2,-0.7,6.9
2017-03-03,전국,3.9,-3.2,11.7
2017-03-04,전국,5.6,-1,13.7
2017-03-05,전국,6.2,-0.3,13.8
2017-03-06,전국,2.9,-1.1,7
2017-03-07,전국,0.1,-3.2,4.4
2017-03-08,전국,1.4,-3.8,6.3
2017-03-09,전국,5,-1.6,11.3
2017-03-10,전국,5.4,-1.3,12.7
2017-03-11,전국,6.5,-2.2,15.8
2017-03-12,전국,8.5,0.2,16.4
2017-03-13,전국,7.9,2.7,13.7
2017-03-14,전국,5.5,0.6,11.4
2017-03-15,전국,4.8,-1.8,12.2
2017-03-16,전국,5.6,-1.4,13.1
2017-03-17,전국,6.9,-1.2,15.5
2017-03-18,전국,8.4,2.3,16.8
2017-03-19,전국,9.1,0.7,17.9
2017-03-20,전국,8.3,2.1,13.6
2017-03-21,전국,7.1,2.4,12.5
2017-03-22,전국,6.9,-0.6,14
2017-03-23,전국,8.7,3.8,15.1
2017-03-24,전국,7.8,2.3,13.3
2017-03-25,전국,6.4,4,9.7
2017-03-26,전국,6.2,2.8,10.8
2017-03-27,전국,6,2.4,10.8
2017-03-28,전국,7.3,0.7,13.6
2017-03-29,전국,8.5,4,14
2017-03-30,전국,10.5,2.8,18.4
2017-03-31,전국,8.7,6.2,12.1
2017-04-01,전국,7.5,4.1,12.3
2017-04-02,전국,8.2,1.7,15.1
2017-04-03,전국,11.5,2.9,20.2
2017-04-04,전국,13.4,4.1,21.9
2017-04-05,전국,13.3,10.2,16.2
2017-04-06,전국,13.6,10.5,17.1
2017-04-07,전국,14.2,8.5,21.9
2017-04-08,전국,14.9,8.1,23.1
2017-04-09,전국,13.4,9.2,18.2
2017-04-10,전국,13.4,8.3,19.5
2017-04-11,전국,12.2,8.4,18.2
2017-04-12,전국,12.3,7.2,17.7
2017-04-13,전국,13.1,4.6,20.3
2017-04-14,전국,14.7,8.5,20.5
2017-04-15,전국,17.6,11.3,24.8
2017-04-16,전국,17.8,10.3,26.6
2017-04-17,전국,13.6,10.8,17.2
2017-04-18,전국,13.3,8.6,20.1
2017-04-19,전국,13.3,7.4,19.4
2017-04-20,전국,12.4,8.9,17.6
2017-04-21,전국,13,7.1,19.9
2017-04-22,전국,13,7,20
2017-04-23,전국,14,6,21.8
2017-04-24,전국,15,6.4,22.5
2017-04-25,전국,16.9,11,22.4
2017-04-26,전국,14.9,10.1,20.1
2017-04-27,전국,13,6.4,19.3
2017-04-28,전국,15.1,6.2,23.3
2017-04-29,전국,17.1,8.2,25
2017-04-30,전국,19.8,11.9,27.7
2017-05-01,전국,17.8,11.3,25.4
2017-05-02,전국,16.9,9.4,24.7
2017-05-03,전국,18.3,9.5,27.2
2017-05-04,전국,19.1,11.3,26.4
2017-05-05,전국,19.8,15.6,25.1
2017-05-06,전국,16.7,11.1,22.6
2017-05-07,전국,17.3,9.2,24.7
2017-05-08,전국,18.2,10.3,24.9
2017-05-09,전국,14.9,12.9,19.1
2017-05-10,전국,15.5,12.6,19.7
2017-05-11,전국,18.9,12.3,25.8
2017-05-12,전국,18,14.4,21.8
2017-05-13,전국,17.5,12.3,24.5
2017-05-14,전국,16.7,11.3,22.7
2017-05-15,전국,16,10.2,21.7
2017-05-16,전국,16.5,11.1,22.2
2017-05-17,전국,17.4,11,24.7
2017-05-18,전국,19.7,11.5,27.4
2017-05-19,전국,21.5,13.5,29.5
2017-05-20,전국,21,13.8,28.4
2017-05-21,전국,20.7,13.8,27.9
2017-05-22,전국,20.2,13.1,27.3
2017-05-23,전국,19.6,13.7,25.5
2017-05-24,전국,19.8,16,25.4
2017-05-25,전국,19.6,13.2,27.8
2017-05-26,전국,16.1,10.9,21.7
2017-05-27,전국,17.5,9.8,25.1
2017-05-28,전국,20.6,11.8,28.3
2017-05-29,전국,23.4,16.6,30.6
2017-05-30,전국,23.1,16.2,30.4
2017-05-31,전국,21.6,16.5,27.9
2017-06-01,전국,21,16.2,27.3
2017-06-02,전국,19,12.3,25.6
2017-06-03,전국,19.3,14.2,25.3
2017-06-04,전국,19.5,11.5,27
2017-06-05,전국,20.3,13,27.6
2017-06-06,전국,17.8,14.5,21.7
2017-06-07,전국,18.4,15.9,21.2
2017-06-08,전국,20.5,15.9,26.4
2017-06-09,전국,22,15.5,28.6
2017-06-10,전국,21.2,16.6,26.6
2017-06-11,전국,20.4,14.2,27.1
2017-06-12,전국,19.5,14.7,24.8
2017-06-13,전국,19.2,14.7,25.4
2017-06-14,전국,20.7,14.4,27.2
2017-06-15,전국,22.6,16,29.8
2017-06-16,전국,22.2,16.4,28.7
2017-06-17,전국,22.4,16.3,29.3
2017-06-18,전국,23.4,16.3,31.2
2017-06-19,전국,24.2,17.1,31.7
2017-06-20,전국,23.2,18.1,28.7
2017-06-21,전국,23.4,18.7,29.1
2017-06-22,전국,23.9,18.2,30.3
2017-06-23,전국,24.7,18.6,31.5
2017-06-24,전국,23.2,19.3,29
2017-06-25,전국,22.7,19.1,28.2
2017-06-26,전국,22.2,19.6,26.8
2017-06-27,전국,23.1,19.7,28.1
2017-06-28,전국,24.2,19.8,29.9
2017-06-29,전국,23.9,20.4,28.6
2017-06-30,전국,25.3,20.8,30.4
2017-07-01,전국,25.3,22.6,29
2017-07-02,전국,25.6,23.3,28.8
2017-07-03,전국,25.6,23.5,29.1
2017-07-04,전국,25.4,22.9,29.8
2017-07-05,전국,26,22.5,31.2
2017-07-06,전국,25.4,22,30.5
2017-07-07,전국,26,22.9,29.1
2017-07-08,전국,25.6,23.4,28.6
2017-07-09,전국,27,23.4,32
2017-07-10,전국,26.1,24.1,28.5
2017-07-11,전국,26.5,23.2,30.7
2017-07-12,전국,27.2,23.1,32.6
2017-07-13,전국,27.1,22.2,33
2017-07-14,전국,26.8,22.9,33.2
2017-07-15,전국,25.5,23.1,28.4
2017-07-16,전국,26.7,23.7,30.4
2017-07-17,전국,26.4,23.4,30.6
2017-07-18,전국,26,23.1,30
2017-07-19,전국,27.4,23.5,32.8
2017-07-20,전국,28.4,23.8,33.6
2017-07-21,전국,29.4,25.5,34.1
2017-07-22,전국,27.8,24.8,32.2
2017-07-23,전국,26.8,24.4,29.5
2017-07-24,전국,27.1,24.9,31.2
2017-07-25,전국,26.8,23.9,31
2017-07-26,전국,26,21.7,30.8
2017-07-27,전국,25.5,20.4,31.1
2017-07-28,전국,26,22.2,30.2
2017-07-29,전국,25.4,23.4,28.5
2017-07-30,전국,26.1,23,30.6
2017-07-31,전국,24.8,23.1,27
2017-08-01,전국,26.6,22.9,31.9
2017-08-02,전국,27.2,23.8,32
2017-08-03,전국,27.2,23.1,31.9
2017-08-04,전국,28.5,23.5,33.9
2017-08-05,전국,29.6,24.7,35.1
2017-08-06,전국,29.4,25.1,34.8
2017-08-07,전국,28.5,24.8,33.8
2017-08-08,전국,27.4,23.5,32.3
2017-08-09,전국,25.6,23.5,28.4
2017-08-10,전국,25.6,23.4,29.1
2017-08-11,전국,25.8,22.3,31.2
2017-08-12,전국,25.6,21.8,30.3
2017-08-13,전국,24.1,21.4,26.8
2017-08-14,전국,22.9,21.4,25.1
2017-08-15,전국,23.2,21.6,25.2
2017-08-16,전국,24.6,22,28.3
2017-08-17,전국,24.5,21.8,28.7
2017-08-18,전국,25,21.7,29.9
2017-08-19,전국,24.9,21.9,29.1
2017-08-20,전국,24.7,22.7,27.8
2017-08-21,전국,25.4,23,29.4
2017-08-22,전국,26.7,23.4,31.6
2017-08-23,전국,27.8,24.4,32
2017-08-24,전국,28,24.7,31.6
2017-08-25,전국,25.9,21.2,31.3
2017-08-26,전국,23.2,17.9,29.6
2017-08-27,전국,22.4,16.6,28.6
2017-08-28,전국,23.7,18.3,28.8
2017-08-29,전국,22.3,18.2,26.9
2017-08-30,전국,19.7,16.6,24
2017-08-31,전국,21.1,15.5,27.3
2017-09-01,전국,21.3,16,27.6
2017-09-02,전국,20.7,15.3,26.5
2017-09-03,전국,21.3,15.3,27.8
2017-09-04,전국,21.9,17,27.7
2017-09-05,전국,20.7,18.1,23.4
2017-09-06,전국,20.9,18.5,23.9
2017-09-07,전국,21.4,17.8,26.9
2017-09-08,전국,22.4,17.7,28.8
2017-09-09,전국,22.2,17.4,28.8
2017-09-10,전국,22.4,18,27.4
2017-09-11,전국,20.6,18.2,23.6
2017-09-12,전국,21.8,17.1,27.8
2017-09-13,전국,20.1,14.4,27.2
2017-09-14,전국,20.3,13.6,27.2
2017-09-15,전국,20.6,16.5,25.3
2017-09-16,전국,20.5,16.1,24.8
2017-09-17,전국,21.1,17,26.1
2017-09-18,전국,20.7,15.2,27.2
2017-09-19,전국,21.9,16.5,27.3
2017-09-20,전국,19.7,14,24.5
2017-09-21,전국,18.2,11.8,25.7
2017-09-22,전국,19.3,14,26.5
2017-09-23,전국,19.9,14.9,26.3
2017-09-24,전국,21.1,16,27.6
2017-09-25,전국,21.8,16.9,28.5
2017-09-26,전국,22.3,16.9,28.3
2017-09-27,전국,19.4,17.3,22.6
2017-09-28,전국,19.7,15,25.1
2017-09-29,전국,15.8,10.3,21.8
2017-09-30,전국,17.3,9.9,25.9
2017-10-01,전국,16.6,12.9,20.3
2017-10-02,전국,19.9,16.5,24.6
2017-10-03,전국,18.1,14.9,23.1
2017-10-04,전국,17.1,13,22.3
2017-10-05,전국,16.8,13,21
2017-10-06,전국,16.5,13.9,19
2017-10-07,전국,19.4,15.9,24.6
2017-10-08,전국,20.4,16.3,26.5
2017-10-09,전국,20.9,16.4,27.1
2017-10-10,전국,20.9,16.8,26.6
2017-10-11,전국,17.7,14.6,21.8
2017-10-12,전국,13.1,10.6,15.5
2017-10-13,전국,13,7.7,19.2
2017-10-14,전국,14.1,8.9,20.3
2017-10-15,전국,14.7,10,19.4
2017-10-16,전국,15.5,12.1,20.2
2017-10-17,전국,15.1,9.7,21.6
2017-10-18,전국,15.6,13,18.7
2017-10-19,전국,15.3,11.3,20.5
2017-10-20,전국,15.2,10.1,22.4
2017-10-21,전국,15.1,9.4,22.6
2017-10-22,전국,15.5,9.4,21.7
2017-10-23,전국,12.9,8,18.6
2017-10-24,전국,11.7,7.3,18.5
2017-10-25,전국,11.7,6,19.8
2017-10-26,전국,12.7,6.9,19.5
2017-10-27,전국,14.4,9.6,21.5
2017-10-28,전국,15.3,9.2,22.1
2017-10-29,전국,12.8,7.6,19.4
2017-10-30,전국,7.9,2.9,14.1
2017-10-31,전국,8.8,1,17.5
2017-11-01,전국,12.2,6,18.5
2017-11-02,전국,13.4,9,19.3
2017-11-03,전국,12.1,7.1,18.4
2017-11-04,전국,8.1,3.6,13.8
2017-11-05,전국,7.6,1.4,15.7
2017-11-06,전국,9.6,2.6,18
2017-11-07,전국,13.5,6.4,19.8
2017-11-08,전국,14.1,7.5,19.6
2017-11-09,전국,9.2,2.8,17.6
2017-11-10,전국,11.5,4.3,19.4
2017-11-11,전국,6.7,1.7,12.1
2017-11-12,전국,5.6,-0.6,13.6
2017-11-13,전국,8.2,1.2,14.4
2017-11-14,전국,9.2,4.1,14.4
2017-11-15,전국,5.5,1.2,10.3
2017-11-16,전국,3.1,-1.6,9.3
2017-11-17,전국,5.1,-2,10.4
2017-11-18,전국,2,-2.1,7.6
2017-11-19,전국,0.8,-4.1,5.5
2017-11-20,전국,3.1,-1.5,8.3
2017-11-21,전국,2.9,-2.7,10.2
2017-11-22,전국,5.3,0.1,10.7
2017-11-23,전국,2.3,-2,6.7
2017-11-24,전국,1.9,-2.1,6.5
2017-11-25,전국,4,-3.4,10.4
2017-11-26,전국,6.3,0.8,12.4
2017-11-27,전국,3.9,-1.8,11.6
2017-11-28,전국,7.3,0.7,14.4
2017-11-29,전국,7.5,3.1,12.2
2017-11-30,전국,2.1,-1.9,6.6
2017-12-01,전국,-0.6,-5.2,4.8
2017-12-02,전국,1.3,-4.9,8.1
2017-12-03,전국,4.4,-1.7,11
2017-12-04,전국,2.2,-2.6,6.9
2017-12-05,전국,-2.3,-6,1.9
2017-12-06,전국,0.6,-5.2,6.7
2017-12-07,전국,2.6,-1.9,7.6
2017-12-08,전국,-1.3,-4.3,2.4
2017-12-09,전국,0.7,-4.5,6.2
2017-12-10,전국,3.5,-1.1,8.9
2017-12-11,전국,-3,-6.7,1.7
2017-12-12,전국,-6,-9.7,-1.7
2017-12-13,전국,-5.2,-9.6,0.4
2017-12-14,전국,-4,-10.5,2.8
2017-12-15,전국,-0.8,-7.2,4.7
2017-12-16,전국,-1.7,-5.6,2.1
2017-12-17,전국,-4.4,-9,0.3
2017-12-18,전국,-0.2,-7.3,5.7
2017-12-19,전국,-1.3,-5.9,3.4
2017-12-20,전국,-1.5,-7.8,4.7
2017-12-21,전국,-0.1,-4.8,5.8
2017-12-22,전국,1.7,-4.3,8.5
2017-12-23,전국,3.9,-1.1,11
2017-12-24,전국,4.3,1.3,8.1
2017-12-25,전국,0.2,-2.7,3.5
2017-12-26,전국,-0.6,-4.9,4.1
2017-12-27,전국,-3.9,-8,0.7
2017-12-28,전국,-1.5,-6.9,3.7
2017-12-29,전국,2.9,-2.1,8
2017-12-30,전국,2.9,-1.6,7.1
2017-12-31,전국,2.1,-2,5.8
2018-01-01,전국,-0.4,-4.9,5.2
2018-01-02,전국,0.2,-5.3,5.8
2018-01-03,전국,-1.6,-5.3,2.8
2018-01-04,전국,-1.7,-5.6,2.3
2018-01-05,전국,-0.1,-3.4,4.7
2018-01-06,전국,-0.7,-5.4,5.5
2018-01-07,전국,-0.3,-6.5,4.4
2018-01-08,전국,2.3,0.1,4.8
2018-01-09,전국,-1.3,-3.4,1.5
2018-01-10,전국,-4.5,-8.1,-0.7
2018-01-11,전국,-8.2,-11.3,-4.3
2018-01-12,전국,-8.5,-13.4,-3.7
2018-01-13,전국,-3.1,-8.8,3.1
2018-01-14,전국,-0.3,-7,6.7
2018-01-15,전국,4.4,-0.9,10.8
2018-01-16,전국,3.8,-0.8,8.2
2018-01-17,전국,4.3,1.7,7.8
2018-01-18,전국,3.7,0.1,7.8
2018-01-19,전국,1.3,-3,7.3
2018-01-20,전국,1.2,-4.1,7.7
2018-01-21,전국,1.2,-3.9,7.5
2018-01-22,전국,2.9,-0.6,7.6
2018-01-23,전국,-6.4,-10,0.7
2018-01-24,전국,-10.4,-13.4,-6.5
2018-01-25,전국,-9.9,-13.9,-5.1
2018-01-26,전국,-10.4,-14.2,-5.4
2018-01-27,전국,-7,-14.6,0.4
2018-01-28,전국,-2.7,-5.8,1.8
2018-01-29,전국,-5.9,-9.3,-1.7
2018-01-30,전국,-4.6,-11.3,1.4
2018-01-31,전국,-1,-6,3.9
2018-02-01,전국,-2.1,-7.7,4.4
2018-02-02,전국,-2.4,-8.3,4.4
2018-02-03,전국,-4.5,-8.1,-0.8
2018-02-04,전국,-7.1,-10.6,-3.1
2018-02-05,전국,-7.4,-11.8,-2.6
2018-02-06,전국,-8,-12.3,-3.5
2018-02-07,전국,-6.7,-13.3,0
2018-02-08,전국,-3.6,-11,4.6
2018-02-09,전국,1.4,-6.2,8.6
2018-02-10,전국,1.5,-4,7
2018-02-11,전국,-3.6,-7.2,0.1
2018-02-12,전국,-4.1,-8.9,-0.1
2018-02-13,전국,-0.7,-7.2,5.1
2018-02-14,전국,4.7,-3.3,11.9
2018-02-15,전국,1.9,-2.7,7.5
2018-02-16,전국,1,-5.1,7.6
2018-02-17,전국,-0.2,-4.4,4.6
2018-02-18,전국,0.8,-4.2,6.8
2018-02-19,전국,2.8,-2.5,9.2
2018-02-20,전국,2.7,-3.9,9.1
2018-02-21,전국,0.5,-3.8,5.4
2018-02-22,전국,0.6,-6.2,7.3
2018-02-23,전국,4.4,-2.7,10.3
2018-02-24,전국,4.6,-0.4,10.8
2018-02-25,전국,3.8,-0.8,10.5
2018-02-26,전국,3.1,-4.2,11.7
2018-02-27,전국,5.1,-2.7,12.5
2018-02-28,전국,5.6,2.4,9.1
2018-03-01,전국,2.8,-1.7,6.6
2018-03-02,전국,1.3,-5,8.9
2018-03-03,전국,7.6,-1.4,16.6
2018-03-04,전국,11.8,5.9,17.4
2018-03-05,전국,5.7,2.3,11.6
2018-03-06,전국,4.7,-0.7,11.1
2018-03-07,전국,5.1,1.4,9.1
2018-03-08,전국,3.3,1,6.3
2018-03-09,전국,3.5,0.2,7.7
2018-03-10,전국,4.8,-1.1,11.4
2018-03-11,전국,6.4,0.7,13.8
2018-03-12,전국,7.9,-0.4,16.9
2018-03-13,전국,12.3,3.3,20.2
2018-03-14,전국,15.2,8,22.5
2018-03-15,전국,12.8,7.9,16.4
2018-03-16,전국,5.2,1.5,10.1
2018-03-17,전국,5.4,-1.1,12.6
2018-03-18,전국,8,1.9,13
2018-03-19,전국,8.5,5.6,11.4
2018-03-20,전국,5.3,1.9,8.7
2018-03-21,전국,1.8,0.3,3.7
2018-03-22,전국,5,0.3,11.4
2018-03-23,전국,6.2,-0.7,13.5
2018-03-24,전국,9.1,2.1,15.9
2018-03-25,전국,10.8,3.9,18.7
2018-03-26,전국,12,4.7,20.3
2018-03-27,전국,13.7,5.5,21.6
2018-03-28,전국,15,7.5,22.1
2018-03-29,전국,14.5,8.8,21.6
2018-03-30,전국,12.7,7.5,19.3
2018-03-31,전국,14,6.3,22
2018-04-01,전국,15.8,9.7,21.7
2018-04-02,전국,17.8,11.5,24.6
2018-04-03,전국,18,11.7,24.5
2018-04-04,전국,11.5,8.4,16.6
2018-04-05,전국,8.5,7.5,9.9
2018-04-06,전국,7.9,3.9,12.9
2018-04-07,전국,5,2.1,9.1
2018-04-08,전국,7.2,0,12.6
2018-04-09,전국,10.7,4.8,17.6
2018-04-10,전국,15.1,4.8,22.3
2018-04-11,전국,15.5,9.8,21
2018-04-12,전국,13.2,5.2,21.2
2018-04-13,전국,12.8,6.1,18.2
2018-04-14,전국,9.5,7.5,13
2018-04-15,전국,10.5,6.5,16
2018-04-16,전국,10.9,3.9,17.7
2018-04-17,전국,12.6,6.4,19.8
2018-04-18,전국,13.2,5.5,21.2
2018-04-19,전국,15.1,5.7,23.8
2018-04-20,전국,17.7,8.7,27.5
2018-04-21,전국,18.8,10,28
2018-04-22,전국,15.7,11.5,21.2
2018-04-23,전국,11.2,10.2,13.5
2018-04-24,전국,11.6,9,14.1
2018-04-25,전국,13,5.5,21
2018-04-26,전국,14.6,6.2,22.7
2018-04-27,전국,14.9,8.3,22.1
2018-04-28,전국,15.9,7.8,24.2
2018-04-29,전국,16.5,8.3,24.6
2018-04-30,전국,18.8,12.4,25.5
2018-05-01,전국,18.6,14,23.3
2018-05-02,전국,14.9,10.5,19.2
2018-05-03,전국,12,7.9,17.1
2018-05-04,전국,14.5,7.1,21
2018-05-05,전국,18.1,9.5,25.1
2018-05-06,전국,15.9,14.2,18.7
2018-05-07,전국,16.4,13.2,21
2018-05-08,전국,15.1,11.6,19.2
2018-05-09,전국,13.6,9.2,18.9
2018-05-10,전국,15.2,9.3,22
2018-05-11,전국,16.9,10.1,23.8
2018-05-12,전국,16,13.5,18.7
2018-05-13,전국,17.3,13.6,22.4
2018-05-14,전국,19.3,12.3,26.9
2018-05-15,전국,22.5,15,29.5
2018-05-16,전국,22.9,20.5,25.5
2018-05-17,전국,22.8,19.5,26.8
2018-05-18,전국,17.5,13.4,21.7
2018-05-19,전국,15.7,10.9,20.9
2018-05-20,전국,15.7,9.5,21.7
2018-05-21,전국,16.2,10.6,21.8
2018-05-22,전국,17.5,12.1,23.7
2018-05-23,전국,18.1,12.6,23.9
2018-05-24,전국,18.9,9.8,26.7
2018-05-25,전국,19.8,12.4,27
2018-05-26,전국,20,12.4,27.8
2018-05-27,전국,19.5,14.5,25.1
2018-05-28,전국,20.4,15.1,26.2
2018-05-29,전국,21.4,16.9,26.9
2018-05-30,전국,20.7,16.7,25.8
2018-05-31,전국,19.7,14.3,25.9
2018-06-01,전국,22.1,14.4,29.9
2018-06-02,전국,23.1,15.6,31.1
2018-06-03,전국,22.6,15.7,30.3
2018-06-04,전국,22.3,16.1,28.5
2018-06-05,전국,21.6,17.9,26.4
2018-06-06,전국,22.4,16.9,29
2018-06-07,전국,23.2,17.6,30
2018-06-08,전국,22.4,17.9,27.8
2018-06-09,전국,21.2,17.2,26
2018-06-10,전국,19.7,17.2,23.3
2018-06-11,전국,18.5,16.5,21.7
2018-06-12,전국,19.5,16,24.5
2018-06-13,전국,20.4,16.3,25.4
2018-06-14,전국,20.5,17.6,24.8
2018-06-15,전국,19.9,16.3,24.6
2018-06-16,전국,19.7,14.8,25.7
2018-06-17,전국,20.8,14.6,27
2018-06-18,전국,23.3,17.9,29.7
2018-06-19,전국,21.3,18.2,25.7
2018-06-20,전국,22.5,18,28.2
2018-06-21,전국,23.1,17.8,29.5
2018-06-22,전국,23.8,16.6,31
2018-06-23,전국,24,19.5,29.9
2018-06-24,전국,25.5,19.2,32.7
2018-06-25,전국,25.4,19,32.5
2018-06-26,전국,23.4,20.4,26.4
2018-06-27,전국,24.4,21.3,28.8
2018-06-28,전국,23,20.6,25.9
2018-06-29,전국,24.2,20.6,29.1
2018-06-30,전국,23.2,20.5,26.9
2018-07-01,전국,22.7,20,26
2018-07-02,전국,23.5,21.1,26.5
2018-07-03,전국,24.8,22.1,28.5
2018-07-04,전국,25.6,22,30.8
2018-07-05,전국,23.6,21.8,26.9
2018-07-06,전국,21.8,19.9,24
2018-07-07,전국,21.3,17.9,25.9
2018-07-08,전국,20.9,17.3,24.8
2018-07-09,전국,20.2,18.8,21.9
2018-07-10,전국,24,20,28.5
2018-07-11,전국,26.1,22.8,30.3
2018-07-12,전국,27.4,23.3,32.1
2018-07-13,전국,27.8,24.1,32.6
2018-07-14,전국,27.9,23.7,33
2018-07-15,전국,28.2,23.4,33.9
2018-07-16,전국,28.2,23.1,33.9
2018-07-17,전국,28.1,23.3,33.4
2018-07-18,전국,27.8,23,33.4
2018-07-19,전국,28.1,23.1,34
2018-07-20,전국,28.7,23,35.2
2018-07-21,전국,29.3,24,35.4
2018-07-22,전국,29.6,24.7,35.2
2018-07-23,전국,29.6,25.4,35
2018-07-24,전국,29.7,24.9,35.3
2018-07-25,전국,29.7,25.8,34.6
2018-07-26,전국,29.9,25.5,35.2
2018-07-27,전국,30,25.5,35.9
2018-07-28,전국,28.9,25.6,34.4
2018-07-29,전국,29.4,24.7,34.6
2018-07-30,전국,29,24.9,34
2018-07-31,전국,29.2,23.9,35.3
2018-08-01,전국,30,23.8,36.6
2018-08-02,전국,30.2,24.9,36.1
2018-08-03,전국,30.1,25.4,35.6
2018-08-04,전국,30.3,25.9,35.6
2018-08-05,전국,30,25.9,35.3
2018-08-06,전국,29.1,25.5,34.2
2018-08-07,전국,28.6,25.4,33.3
2018-08-08,전국,28.8,24.9,34.6
2018-08-09,전국,28.5,24.9,33.7
2018-08-10,전국,27.7,24.9,32.4
2018-08-11,전국,27.7,24.3,32.3
2018-08-12,전국,28.1,24.1,33
2018-08-13,전국,29.7,25.1,35.3
2018-08-14,전국,29.9,25,36
2018-08-15,전국,29.4,24.5,35.9
2018-08-16,전국,27.1,23.5,32
2018-08-17,전국,25.1,20.9,30.1
2018-08-18,전국,24.2,18.8,30.3
2018-08-19,전국,25.2,19.4,31.6
2018-08-20,전국,26.4,21.1,31.9
2018-08-21,전국,26.8,22.1,32.3
2018-08-22,전국,28.9,22.9,34.7
2018-08-23,전국,27.1,24.6,30
2018-08-24,전국,25.6,23.1,29
2018-08-25,전국,24.5,21.4,28.6
2018-08-26,전국,22.3,20.2,25.6
2018-08-27,전국,23.5,21.1,25.9
2018-08-28,전국,25.1,22.7,28.9
2018-08-29,전국,26.1,22.6,30.5
2018-08-30,전국,26.3,23.9,30.4
2018-08-31,전국,23.7,20.9,27.1
2018-09-01,전국,23.3,19.7,28
2018-09-02,전국,22.4,18.2,26.5
2018-09-03,전국,23.8,21.1,27.3
2018-09-04,전국,23.7,19.7,28.6
2018-09-05,전국,23.3,18.2,28.7
2018-09-06,전국,22.6,18.2,27.1
2018-09-07,전국,21.3,17.8,25.4
2018-09-08,전국,19.5,14.8,25.3
2018-09-09,전국,20.4,14.4,27
2018-09-10,전국,20.6,15.6,26
2018-09-11,전국,19.6,14.5,24.6
2018-09-12,전국,21,15.6,26.7
2018-09-13,전국,20.9,18.4,24.2
2018-09-14,전국,21.6,19,24.5
2018-09-15,전국,22,20.2,24.6
2018-09-16,전국,22.7,20.4,26.5
2018-09-17,전국,21.9,17.8,27.3
2018-09-18,전국,21,16,27.4
2018-09-19,전국,20.6,16.6,25.1
2018-09-20,전국,19.7,18.3,21.5
2018-09-21,전국,19.3,17.9,21.1
2018-09-22,전국,20.3,15.3,26.4
2018-09-23,전국,18.9,13.6,25.7
2018-09-24,전국,16.6,12.1,22.1
2018-09-25,전국,16.5,9.7,23.6
2018-09-26,전국,17.8,13.8,23.1
2018-09-27,전국,17.2,11.4,23.9
2018-09-28,전국,16.9,11.6,22.1
2018-09-29,전국,18.6,14.1,23.7
2018-09-30,전국,18.5,14.2,24.7
2018-10-01,전국,16,12.3,20
2018-10-02,전국,15.5,10.1,22.1
2018-10-03,전국,15.5,9.2,23.5
2018-10-04,전국,18.1,10.8,24.6
2018-10-05,전국,17.5,15.7,19.3
2018-10-06,전국,18.8,16.2,22
2018-10-07,전국,17.6,12.6,23.7
2018-10-08,전국,14.5,9.7,21.1
2018-10-09,전국,14.8,10,19.8
2018-10-10,전국,13.9,9.2,17.8
2018-10-11,전국,10.7,5.9,16
2018-10-12,전국,10.4,4.6,17.6
2018-10-13,전국,11.8,5.3,19.7
2018-10-14,전국,13.1,6.8,20.3
2018-10-15,전국,14,8.5,21.1
2018-10-16,전국,13,9.1,18.5
2018-10-17,전국,12.4,7.6,19.3
2018-10-18,전국,11.6,6.2,17.7
2018-10-19,전국,12.1,6.7,19.3
2018-10-20,전국,11.5,5.3,20.5
2018-10-21,전국,11.6,4.9,20.8
2018-10-22,전국,12.8,6.7,20.1
2018-10-23,전국,13.2,8.6,19.3
2018-10-24,전국,12.2,7.1,19.5
2018-10-25,전국,12.3,5.6,20.9
2018-10-26,전국,12.3,9.2,15.1
2018-10-27,전국,10.6,7,14.3
2018-10-28,전국,10.6,4.4,16.5
2018-10-29,전국,9.8,5,15.5
2018-10-30,전국,7.5,2.6,13.1
2018-10-31,전국,7.8,2.8,14.2
2018-11-01,전국,7.7,1.4,16
2018-11-02,전국,9,2.1,18.3
2018-11-03,전국,9.7,2.6,19.3
2018-11-04,전국,10.2,3.1,19.8
2018-11-05,전국,10.7,3.8,19.1
2018-11-06,전국,11.8,5.7,19
2018-11-07,전국,12.8,10.1,15.5
2018-11-08,전국,14,12.1,17.1
2018-11-09,전국,12.4,7.9,16.1
2018-11-10,전국,10.9,5.5,18.2
2018-11-11,전국,9.5,4.9,14.3
2018-11-12,전국,9.3,4.9,14.9
2018-11-13,전국,8.8,4,15.4
2018-11-14,전국,8.5,3.3,15.9
2018-11-15,전국,8.7,3,16.5
2018-11-16,전국,9,5.1,13.7
2018-11-17,전국,7.4,2.7,13.7
2018-11-18,전국,6.4,2,11.1
2018-11-19,전국,7.2,2,13.6
2018-11-20,전국,6.1,0.3,13.5
2018-11-21,전국,6.2,1.4,11.1
2018-11-22,전국,4.1,-0.2,8.8
2018-11-23,전국,2.3,-2.6,8.6
2018-11-24,전국,3.7,-0.6,7.1
2018-11-25,전국,5.7,1.8,11.3
2018-11-26,전국,5.9,0.6,13.9
2018-11-27,전국,7.8,1.5,14.9
2018-11-28,전국,5.9,1.2,12.1
2018-11-29,전국,5,-0.9,11.4
2018-11-30,전국,5.1,-0.1,12.1
2018-12-01,전국,5.4,1,11.9
2018-12-02,전국,8.5,1.2,15.3
2018-12-03,전국,12.1,9.1,15.2
2018-12-04,전국,10.2,5.2,14.1
2018-12-05,전국,3.9,-0.3,7.9
2018-12-06,전국,4,1.6,6.9
2018-12-07,전국,-3,-6.1,3.1
2018-12-08,전국,-5,-8.4,-1
2018-12-09,전국,-4.4,-8.8,0.7
2018-12-10,전국,-1.9,-7.9,5.4
2018-12-11,전국,0.3,-3,2.6
2018-12-12,전국,-0.5,-4.2,3.8
2018-12-13,전국,-0.3,-5.3,5.1
2018-12-14,전국,-2.4,-6.5,3
2018-12-15,전국,-1.9,-8.3,5.7
2018-12-16,전국,0.6,-3.2,4.5
2018-12-17,전국,3.2,-1,7.5
2018-12-18,전국,2.5,-2.5,8.5
2018-12-19,전국,5.1,-0.6,11.9
2018-12-20,전국,4.2,-0.1,10.5
2018-12-21,전국,5.1,-1.3,12.2
2018-12-22,전국,6.7,1.2,13.4
2018-12-23,전국,5.5,0.4,10.3
2018-12-24,전국,-0.3,-4.4,5.1
2018-12-25,전국,0.4,-5.4,5.4
2018-12-26,전국,2.5,-1,6.9
2018-12-27,전국,-4.8,-8.1,-0.5
2018-12-28,전국,-7,-10.7,-2.7
2018-12-29,전국,-5.1,-9.5,-0.7
2018-12-30,전국,-4.7,-9.4,0.9
2018-12-31,전국,-3.2,-9.9,4
